calculate_maxmin_seconds,clustering_time_seconds,elapsed_time_seconds,create_histogram_seconds,MAPE,MSE,R2,testing_model_seconds,train_global_model_seconds,local_training_seconds
11.17,4.45,106.49,1.27,0.0,0.0,0.0,2.22,7.86,33.07
3.79,0.0,0.0,0.0,789.6058604556316,0.05100189615152964,-3.449065155329407,0.0,3.04,17.14
2.83,0.0,0.0,0.0,5104.439598908809,0.08870154125368593,0.522163407791013,0.0,1.84,23.16
0.43,0.0,0.0,0.0,1027.1330726128083,0.028397744447812297,-1.610117254813265,0.0,3.89,16.0
0.39,0.0,0.0,0.0,3682.2684477523326,0.0471332401726799,-3.319171822463268,0.0,1.84,20.8
0.43,0.0,0.0,0.0,2099.056198769358,0.08009764119331296,0.5227818324493761,0.0,1.75,28.05
1.13,0.0,0.0,0.0,3177.339411754526,0.04223495274291833,-2.8145869378971335,0.0,3.04,17.06
5.0,0.0,0.0,0.0,1279.351683631078,0.03212385764631704,-2.254885121881592,0.0,1.86,20.96
0.41,0.0,0.0,0.0,315.3106250250027,0.08202651302049624,0.546703497520511,0.0,3.09,16.96
