{"histogram":{"time":{"1":10.707629105}},"maxmimtime":{"(3, 4)":{"3":59.487359029},"(1, 2)":{"1":59.546488781},"(7, 8)":{"7":58.54508406},"(2, 3)":{"2":58.575888938},"(5, 6)":{"5":58.568159365},"(6, 7)":{"6":59.181480331},"(8, 9)":{"8":59.16144676},"(4, 5)":{"4":59.474423743}},"local_training":{}}