{"histogram":{"time":{"1":11.165295006}},"maxmimtime":{"(8, 9)":{"8":61.438619401},"(1, 2)":{"1":61.686215108},"(2, 3)":{"2":60.914865086},"(7, 8)":{"7":61.446591668},"(5, 6)":{"5":61.45400855},"(6, 7)":{"6":60.903981464},"(3, 4)":{"3":60.905255234},"(4, 5)":{"4":61.454108497}},"global_model":{"1":61.192282289},"train_global_model":{"1":8.262663781},"local_training":{"(8, 9)":74.712359587,"(1, 2)":75.674771438,"(2, 3)":75.785070934,"(7, 8)":73.732441999,"(5, 6)":76.650388357,"(6, 7)":74.635269609,"(3, 4)":75.195613412,"(4, 5)":76.144855498},"clustering":{"1":24.175291886}}