{"maxmimtime":{"(8, 9)":{"8":58.285771762},"(1, 2)":{"1":58.52563867},"(2, 3)":{"2":58.824795301},"(7, 8)":{"7":58.815224779},"(5, 6)":{"5":58.815533942},"(6, 7)":{"6":58.293079209},"(3, 4)":{"3":58.301512339},"(4, 5)":{"4":58.293760544}}}