calculate_maxmin_seconds,clustering_time_seconds,elapsed_time_seconds,create_histogram_seconds,MAPE,MSE,R2,testing_model_seconds,train_global_model_seconds,local_training_seconds
7.31,4.51,76.78,1.07,0.0,0.0,0.0,3.05,4.86,32.35
0.63,0.0,0.0,0.0,15313.7576162637,0.1506383421753474,-13.208782090538016,0.0,2.08,25.09
0.55,0.0,0.0,0.0,3111.001558956481,0.1441524192161904,-13.63633041317932,0.0,2.06,21.69
1.29,0.0,0.0,0.0,446.0010208938139,0.13062922657713766,0.690268635127953,0.0,1.23,18.39
2.15,0.0,0.0,0.0,2764.0832047371873,0.14738448689640227,-12.091285254497585,0.0,1.23,18.21
0.42,0.0,0.0,0.0,4823.408040446884,0.14785418285765134,-12.815811048545449,0.0,2.07,20.92
0.42,0.0,0.0,0.0,1980.2599689716935,0.1479723774642932,-13.34778921775516,0.0,2.05,24.19
0.5,0.0,0.0,0.0,627.9552587493837,0.13314930361369878,0.699768280010725,0.0,1.24,17.59
1.92,0.0,0.0,0.0,2829.820502037185,0.14707378997521425,-11.947775367797655,0.0,1.23,18.6
