calculate_maxmin_seconds,clustering_time_seconds,elapsed_time_seconds,create_histogram_seconds,MAPE,MSE,R2,testing_model_seconds,train_global_model_seconds,local_training_seconds
5.92,4.44,72.79,1.06,0.0,0.0,0.0,3.57,5.86,26.38
0.67,0.0,0.0,0.0,213.35800318881735,0.08225458886360797,0.6141587148587075,0.0,3.02,15.84
0.65,0.0,0.0,0.0,1102.1570232223687,0.06732543871479776,-4.792425989704327,0.0,3.02,18.42
0.55,0.0,0.0,0.0,652.9427266320213,0.08194393825263224,0.5956596532639128,0.0,3.06,19.2
1.02,0.0,0.0,0.0,1395.2614329856706,0.071864752225782,-5.072624505995174,0.0,1.02,15.34
0.74,0.0,0.0,0.0,437.3015765620923,0.09234831550028905,0.631326057065986,0.0,2.95,21.67
0.65,0.0,0.0,0.0,1565.3113532155216,0.06672058653221916,-5.327618948036939,0.0,3.11,19.01
0.92,0.0,0.0,0.0,580.1672618671458,0.08173974744743726,0.5743520052977168,0.0,1.02,13.71
0.66,0.0,0.0,0.0,2773.0507736806726,0.06708373682873321,-5.157119678558246,0.0,1.02,13.92
