calculate_maxmin_seconds,clustering_time_seconds,elapsed_time_seconds,create_histogram_seconds,MAPE,MSE,R2,testing_model_seconds,train_global_model_seconds,local_training_seconds
6.45,7.46,95.58,13.12,0.0,0.0,0.0,3.31,5.38,24.92
0.73,0.0,0.0,0.0,3717.071745583333,0.19571959663490093,-17.314942153667843,0.0,1.17,16.27
0.44,0.0,0.0,0.0,2735.413446409607,0.19063407738676552,-17.69976904851316,0.0,2.55,18.02
0.43,0.0,0.0,0.0,459.67981080625225,0.15684777909022776,0.5546254969992083,0.0,2.5,19.62
1.51,0.0,0.0,0.0,5590.077263065111,0.18921756737805,-15.898936418663816,0.0,1.15,16.46
0.43,0.0,0.0,0.0,3233.315886422448,0.19288600785861415,-17.48815881654076,0.0,1.17,15.25
0.43,0.0,0.0,0.0,2165.024097510291,0.19171999709836324,-17.925769490710078,0.0,2.52,17.07
0.44,0.0,0.0,0.0,668.3276743657633,0.15902155612063215,0.5450323838117798,0.0,2.53,18.36
1.71,0.0,0.0,0.0,6587.304920131666,0.19204399159279145,-15.979820650465534,0.0,1.1,15.92
