calculate_maxmin_seconds,clustering_time_seconds,elapsed_time_seconds,create_histogram_seconds,MAPE,MSE,R2,testing_model_seconds,train_global_model_seconds,local_training_seconds
7.86,4.98,96.12,2.96,0.0,0.0,0.0,6.35,7.13,32.11
0.67,0.0,0.0,0.0,2011.292155155181,0.0906770781761675,0.6287867755399681,0.0,1.68,14.29
0.42,0.0,0.0,0.0,2103.8197287517596,0.06779034067737418,-5.223557870329721,0.0,1.82,17.62
0.44,0.0,0.0,0.0,384.42298970525127,0.07576023904441358,0.5836763265916178,0.0,1.05,26.6
0.42,0.0,0.0,0.0,1244.8639127843287,0.07078191268761895,-6.080634997183557,0.0,3.3,14.11
0.39,0.0,0.0,0.0,366.01600315697607,0.09598066180106034,0.6715745658438919,0.0,3.03,22.58
0.46,0.0,0.0,0.0,2753.834402971034,0.07277416051616968,-5.5110968727932965,0.0,2.37,14.72
0.41,0.0,0.0,0.0,1082.9660512230207,0.08224509394854382,0.5612594285619076,0.0,1.07,22.75
0.52,0.0,0.0,0.0,1374.930711844628,0.07037797276525615,-5.3748461811353305,0.0,1.04,23.43
