calculate_maxmin_seconds,clustering_time_seconds,elapsed_time_seconds,create_histogram_seconds,MAPE,MSE,R2,testing_model_seconds,train_global_model_seconds,local_training_seconds
4.67,4.53,54.97,0.7,0.0,0.0,0.0,1.6,3.71,21.01
0.44,0.0,0.0,0.0,344.10331319375274,0.08068120329728137,0.6130314471358178,0.0,1.09,14.19
0.43,0.0,0.0,0.0,2193.5970335370766,0.0792205277352505,-6.358543392790612,0.0,1.05,16.33
0.43,0.0,0.0,0.0,293.34146805804465,0.08745958071060428,0.6206200350281598,0.0,1.03,14.28
0.44,0.0,0.0,0.0,1062.3379125332292,0.07664425383280925,-5.65774467831418,0.0,1.03,14.22
0.41,0.0,0.0,0.0,498.38248584921024,0.09501394314394929,0.6683775333872326,0.0,1.04,13.4
0.43,0.0,0.0,0.0,1187.0308633900177,0.07938211744293126,-5.788279908167999,0.0,1.02,14.04
0.41,0.0,0.0,0.0,942.3604477861016,0.08733463768858303,0.6106224444914545,0.0,1.04,15.82
0.43,0.0,0.0,0.0,1501.4101290813485,0.07788584324810156,-6.092421660420836,0.0,1.05,14.15
