calculate_maxmin_seconds,clustering_time_seconds,elapsed_time_seconds,create_histogram_seconds,MAPE,MSE,R2,testing_model_seconds,train_global_model_seconds,local_training_seconds
4.96,4.58,51.76,0.69,0.0,0.0,0.0,1.36,3.82,18.93
0.41,0.0,0.0,0.0,698.8771852306869,0.07453411282040692,0.5805561410574488,0.0,1.05,13.6
0.41,0.0,0.0,0.0,1202.4725209363944,0.05194638633096243,-3.3723203052551023,0.0,1.07,13.95
0.62,0.0,0.0,0.0,307.2251519091868,0.07484398206140642,0.499292921337309,0.0,1.16,14.33
0.57,0.0,0.0,0.0,1515.6962697296156,0.05300170679602905,-3.832596223543959,0.0,1.07,13.87
0.46,0.0,0.0,0.0,290.8917976009594,0.07716193786250518,0.579825751620885,0.0,1.06,13.8
0.43,0.0,0.0,0.0,1010.2914783345587,0.057183417299181846,-4.230061832658563,0.0,1.04,13.34
0.61,0.0,0.0,0.0,311.72562424702,0.07675631910040309,0.5158005115619982,0.0,1.04,13.27
0.43,0.0,0.0,0.0,1011.7405978726672,0.05448940128786779,-3.94625207465283,0.0,1.05,13.6
