calculate_maxmin_seconds,clustering_time_seconds,elapsed_time_seconds,create_histogram_seconds,MAPE,MSE,R2,testing_model_seconds,train_global_model_seconds,local_training_seconds
4.78,4.78,57.98,1.0,0.0,0.0,0.0,2.13,3.88,22.87
0.41,0.0,0.0,0.0,960.8283460378428,0.5652416547026923,-3.4864026393623355,0.0,1.11,16.59
0.67,0.0,0.0,0.0,6331.496002832225,0.7308930984428978,-63.09638437050991,0.0,1.12,15.47
0.46,0.0,0.0,0.0,914.2695712532816,0.5728197353269633,-3.67963351747508,0.0,1.23,14.62
0.43,0.0,0.0,0.0,5219.4897754509075,0.7297663396131676,-63.68808440938446,0.0,1.1,14.35
0.66,0.0,0.0,0.0,1423.7516451372123,0.5784500316759922,-3.518201200509563,0.0,1.1,18.17
0.44,0.0,0.0,0.0,5073.569131457625,0.7281721297378109,-64.27281021113986,0.0,1.11,14.98
0.43,0.0,0.0,0.0,979.211172133142,0.5598095630558041,-3.5294752443228425,0.0,1.09,14.42
0.43,0.0,0.0,0.0,34692.625731317836,0.7312903005092195,-64.09552315308143,0.0,1.16,15.22
