calculate_maxmin_seconds,clustering_time_seconds,elapsed_time_seconds,create_histogram_seconds,MAPE,MSE,R2,testing_model_seconds,train_global_model_seconds,local_training_seconds
8.26,5.24,78.45,1.69,0.0,0.0,0.0,3.34,5.48,25.15
0.42,0.0,0.0,0.0,818.4826026594285,0.5056838491849684,-2.8401822222611357,0.0,1.14,15.2
0.43,0.0,0.0,0.0,5415.991089599876,0.6730220867981717,-59.683404129747025,0.0,1.09,15.44
0.43,0.0,0.0,0.0,909.4411119331688,0.5224846743931687,-2.8408018868466067,0.0,2.78,18.82
0.62,0.0,0.0,0.0,3884.039444991629,0.6348413328259636,-54.524815102746,0.0,2.58,19.89
0.66,0.0,0.0,0.0,1035.5138351311662,0.5061946183075187,-2.825461168431476,0.0,1.67,16.67
0.44,0.0,0.0,0.0,4205.887510722605,0.6465508799388733,-56.49511470141752,0.0,2.81,17.7
0.42,0.0,0.0,0.0,927.4265299291534,0.5047239826190444,-2.7719547017293107,0.0,1.07,15.75
0.43,0.0,0.0,0.0,4289.0843866712075,0.6508372692441637,-56.11482390566726,0.0,2.75,17.92
