calculate_maxmin_seconds,clustering_time_seconds,elapsed_time_seconds,create_histogram_seconds,MAPE,MSE,R2,testing_model_seconds,train_global_model_seconds,local_training_seconds
4.57,4.53,70.12,0.67,0.0,0.0,0.0,1.66,4.96,26.23
0.41,0.0,0.0,0.0,822.4590494411832,0.5289747009901316,-3.146154789550268,0.0,1.09,17.43
0.43,0.0,0.0,0.0,4108.58010808009,0.6913480427381862,-60.24022617356428,0.0,1.1,15.13
0.42,0.0,0.0,0.0,1770.4941960499366,0.5354684177622582,-3.162358000083799,0.0,1.12,14.88
0.43,0.0,0.0,0.0,7134.909160237377,0.6747195192638125,-57.50045128779762,0.0,1.13,18.06
0.42,0.0,0.0,0.0,1066.0799067309051,0.5229160140355907,-3.0706522982366486,0.0,1.09,16.66
0.46,0.0,0.0,0.0,8252.976869969332,0.6744309830816037,-58.31088092518757,0.0,1.07,14.94
0.42,0.0,0.0,0.0,4097.241753308135,0.5240480839838345,-3.0482764763427523,0.0,1.07,15.93
0.41,0.0,0.0,0.0,4896.361711220935,0.6799189410643344,-59.30521814651031,0.0,1.09,17.38
