calculate_maxmin_seconds,clustering_time_seconds,elapsed_time_seconds,create_histogram_seconds,MAPE,MSE,R2,testing_model_seconds,train_global_model_seconds,local_training_seconds
13.73,6.53,102.75,1.42,0.0,0.0,0.0,7.62,7.73,31.36
1.43,0.0,0.0,0.0,853.5437900256433,0.5538538506851151,-3.241738407525138,0.0,3.83,24.68
0.47,0.0,0.0,0.0,6996.106686062109,0.7057327515905497,-61.35943426642374,0.0,4.78,24.89
1.37,0.0,0.0,0.0,1941.4513027379749,0.5658900185996764,-3.577954925011447,0.0,1.17,17.83
2.14,0.0,0.0,0.0,4634.6056325389145,0.7085874900637745,-60.75136626893182,0.0,4.81,25.47
0.42,0.0,0.0,0.0,1094.6022109508392,0.5506130284406386,-3.3453763094315523,0.0,1.09,17.02
0.42,0.0,0.0,0.0,5461.284610901738,0.7022046437134708,-62.345687802062685,0.0,1.11,17.48
0.38,0.0,0.0,0.0,4645.9920359604685,0.5366146501041388,-3.2340905627463536,0.0,4.81,24.15
0.4,0.0,0.0,0.0,5530.94952957103,0.693475745780603,-60.453086961261654,0.0,1.39,16.46
