calculate_maxmin_seconds,clustering_time_seconds,elapsed_time_seconds,create_histogram_seconds,MAPE,MSE,R2,testing_model_seconds,train_global_model_seconds,local_training_seconds
4.65,4.57,50.84,0.7,0.0,0.0,0.0,1.67,3.74,19.29
0.4,0.0,0.0,0.0,879.501519818086,0.4932797492842688,-2.6894318022589,0.0,1.1,13.92
0.43,0.0,0.0,0.0,4699.403653068839,0.6206083098023318,-55.07862575029775,0.0,1.11,13.96
0.44,0.0,0.0,0.0,2181.1760768614768,0.4863995842062708,-2.599674817423192,0.0,1.11,14.46
0.43,0.0,0.0,0.0,6015.003452351135,0.6138570747241091,-53.668511024174016,0.0,1.11,14.73
0.4,0.0,0.0,0.0,1680.0129298572258,0.479670875822041,-2.5066556238722804,0.0,1.1,13.92
0.43,0.0,0.0,0.0,4166.214700579554,0.615356756905951,-54.46837140985915,0.0,1.1,14.21
0.43,0.0,0.0,0.0,947.6769504056064,0.4913452319526768,-2.687691721761884,0.0,1.1,14.12
0.43,0.0,0.0,0.0,8697.790989180194,0.6191366600131053,-53.55145961200695,0.0,1.11,14.05
