calculate_maxmin_seconds,clustering_time_seconds,elapsed_time_seconds,create_histogram_seconds,MAPE,MSE,R2,testing_model_seconds,train_global_model_seconds,local_training_seconds
4.65,4.51,50.84,0.69,0.0,0.0,0.0,1.61,3.92,19.32
0.44,0.0,0.0,0.0,2974.5552229464915,0.5490039911545408,-3.3352494793151646,0.0,1.14,14.26
0.42,0.0,0.0,0.0,6337.0630598881835,0.7065586550587389,-62.28199300252644,0.0,1.11,14.72
0.45,0.0,0.0,0.0,1084.329992380798,0.5746450690793183,-3.641165947952209,0.0,1.36,14.31
0.42,0.0,0.0,0.0,5214.824084559769,0.7224311972818078,-63.32028972186828,0.0,1.15,14.41
0.43,0.0,0.0,0.0,913.8247043086722,0.5760609830028328,-3.572793246039363,0.0,1.09,14.23
0.42,0.0,0.0,0.0,5064.579525037716,0.7082085998468576,-62.13701580403789,0.0,1.12,14.16
0.43,0.0,0.0,0.0,1576.1889175993388,0.5728425521838703,-3.56917729630032,0.0,1.13,14.28
0.42,0.0,0.0,0.0,5135.4769165702755,0.726242120784475,-63.539318337964104,0.0,1.11,14.44
