calculate_maxmin_seconds,clustering_time_seconds,elapsed_time_seconds,create_histogram_seconds,MAPE,MSE,R2,testing_model_seconds,train_global_model_seconds,local_training_seconds
5.1,4.57,56.44,0.73,0.0,0.0,0.0,2.23,5.41,20.78
0.42,0.0,0.0,0.0,4191.885722300629,0.178286289614673,-15.75332509363803,0.0,1.08,15.61
0.43,0.0,0.0,0.0,2218.7466309388205,0.1766870697156171,-16.61085071335437,0.0,1.15,14.14
0.41,0.0,0.0,0.0,652.5194007044174,0.14904590036711896,0.599929756281905,0.0,1.62,15.26
0.42,0.0,0.0,0.0,4339.245645075623,0.17604488888289505,-14.515486250134725,0.0,1.6,15.08
0.43,0.0,0.0,0.0,2103.628179649234,0.18056078634516273,-16.30796145032411,0.0,1.16,14.44
0.44,0.0,0.0,0.0,2338.5399487851932,0.1787635889513499,-16.29716454417207,0.0,1.17,15.7
0.43,0.0,0.0,0.0,545.692610307046,0.14826346852789266,0.599609322316238,0.0,1.16,15.12
0.42,0.0,0.0,0.0,17767.724009058038,0.1801567081437724,-15.023219626230429,0.0,1.41,15.92
