calculate_maxmin_seconds,clustering_time_seconds,elapsed_time_seconds,create_histogram_seconds,MAPE,MSE,R2,testing_model_seconds,train_global_model_seconds,local_training_seconds
5.92,4.41,79.1,1.39,0.0,0.0,0.0,3.09,5.83,29.4
0.43,0.0,0.0,0.0,2315.843486410925,0.04539360487300021,-3.1541179284535845,0.0,1.05,15.42
0.61,0.0,0.0,0.0,261.79020233933613,0.09024904058466354,0.5341335557791804,0.0,3.03,24.28
1.58,0.0,0.0,0.0,902.8917066495742,0.02721864154268165,-1.422983184598691,0.0,3.1,24.6
0.42,0.0,0.0,0.0,1008.8056539886462,0.04424629945630047,-3.360054597953802,0.0,1.04,15.23
0.88,0.0,0.0,0.0,712.5617470655565,0.07303867096226488,0.4838633085117533,0.0,2.82,16.57
0.42,0.0,0.0,0.0,1468.722721199344,0.04450324712088454,-3.211943069877922,0.0,1.05,14.77
0.42,0.0,0.0,0.0,1243.973819818472,0.03245383961029032,-1.9884362117987555,0.0,1.03,15.24
0.53,0.0,0.0,0.0,2148.7047610104264,0.07755259002809312,0.5660233652563051,0.0,2.72,14.93
