calculate_maxmin_seconds,clustering_time_seconds,elapsed_time_seconds,create_histogram_seconds,MAPE,MSE,R2,testing_model_seconds,train_global_model_seconds,local_training_seconds
12.7,10.21,109.53,5.0,0.0,0.0,0.0,10.22,8.05,34.7
0.42,0.0,0.0,0.0,6139.236932821225,0.20804060213950185,-19.08061140880827,0.0,1.13,28.85
0.6,0.0,0.0,0.0,2474.6615412124365,0.2070566047512594,-19.465434163150515,0.0,1.15,27.7
0.41,0.0,0.0,0.0,956.884292834854,0.16889358627846404,0.4476361501394306,0.0,1.14,26.91
0.49,0.0,0.0,0.0,3117.653385422924,0.2080029765498713,-17.652330672582796,0.0,5.31,21.55
0.4,0.0,0.0,0.0,2509.055218155447,0.2118133313639584,-19.258110204671944,0.0,1.14,26.56
0.48,0.0,0.0,0.0,2328.7374796616546,0.20975220409144185,-19.914956080944098,0.0,3.82,23.76
0.76,0.0,0.0,0.0,746.379609405488,0.17124770087460137,0.4550980025945483,0.0,2.91,22.58
0.4,0.0,0.0,0.0,3183.5638296471902,0.2112553291503886,-18.312473051897804,0.0,2.94,23.25
