calculate_maxmin_seconds,clustering_time_seconds,elapsed_time_seconds,create_histogram_seconds,MAPE,MSE,R2,testing_model_seconds,train_global_model_seconds,local_training_seconds
4.56,4.6,53.03,0.69,0.0,0.0,0.0,1.37,5.28,18.78
0.39,0.0,0.0,0.0,829.9512398011516,0.04337881696943782,-2.7319889186808424,0.0,1.03,13.62
0.43,0.0,0.0,0.0,649.7695242794421,0.0741933629391414,0.4702858150055693,0.0,0.97,13.6
0.44,0.0,0.0,0.0,952.2382369515574,0.02901460270426311,-1.4633734040944626,0.0,1.04,14.28
0.43,0.0,0.0,0.0,969.4089861427076,0.04199854977999331,-3.122920500545468,0.0,1.06,13.69
0.43,0.0,0.0,0.0,641.6031386088137,0.07799050208512553,0.5189360025851757,0.0,1.03,13.72
0.45,0.0,0.0,0.0,1519.6280817335212,0.040662652724398035,-2.7832309877933197,0.0,1.09,14.13
0.4,0.0,0.0,0.0,732.0218685468694,0.029099459151881113,-1.7689454542699172,0.0,1.02,13.26
0.44,0.0,0.0,0.0,256.76294109481046,0.08066482302180722,0.547124511194484,0.0,1.07,13.92
