calculate_maxmin_seconds,clustering_time_seconds,elapsed_time_seconds,create_histogram_seconds,MAPE,MSE,R2,testing_model_seconds,train_global_model_seconds,local_training_seconds
4.59,4.37,55.72,0.68,0.0,0.0,0.0,1.23,3.97,23.06
0.43,0.0,0.0,0.0,863.5908060461048,0.04231976196006317,-3.148581839448002,0.0,1.04,13.7
0.42,0.0,0.0,0.0,335.60510207069626,0.08342171431990926,0.4269641020940509,0.0,1.03,13.4
0.46,0.0,0.0,0.0,1370.2833362158065,0.02577130272370755,-1.2460859407450875,0.0,1.03,13.6
0.43,0.0,0.0,0.0,893.5692087274876,0.04669886616920504,-3.2403394405620753,0.0,1.03,16.23
0.43,0.0,0.0,0.0,625.5195396321863,0.08016378128764863,0.5390572375569094,0.0,1.18,16.41
0.44,0.0,0.0,0.0,1620.5401008549957,0.04171725409769875,-2.7521763459419253,0.0,1.04,13.56
0.43,0.0,0.0,0.0,1368.618796150044,0.030731457171057155,-1.984803468715651,0.0,1.03,13.29
0.43,0.0,0.0,0.0,198.8658224134126,0.08601996893756476,0.5719370714926186,0.0,1.03,13.27
