calculate_maxmin_seconds,clustering_time_seconds,elapsed_time_seconds,create_histogram_seconds,MAPE,MSE,R2,testing_model_seconds,train_global_model_seconds,local_training_seconds
7.01,4.65,85.42,1.16,0.0,0.0,0.0,4.31,12.41,31.97
1.95,0.0,0.0,0.0,2294.4170551245734,0.1387534227897253,-12.237975050332729,0.0,1.04,18.15
1.91,0.0,0.0,0.0,2550.1729278041166,0.1377748218453963,-12.681755048180282,0.0,2.04,24.67
0.4,0.0,0.0,0.0,405.72142021931074,0.12666228058330462,0.7432360776319852,0.0,9.16,20.84
1.95,0.0,0.0,0.0,4606.21562516443,0.13605301370240866,-11.185739359929016,0.0,8.77,21.09
1.07,0.0,0.0,0.0,2727.0912332925286,0.1376344403596619,-12.047160524508556,0.0,1.08,18.56
1.16,0.0,0.0,0.0,2387.9678228673947,0.13864696762510673,-12.641029996605925,0.0,9.5,26.86
1.93,0.0,0.0,0.0,508.68412375476,0.1275817617599801,0.7416282650104573,0.0,8.78,21.1
2.01,0.0,0.0,0.0,1952.3629190878848,0.1381273017700142,-11.392946566594702,0.0,1.07,22.61
