calculate_maxmin_seconds,clustering_time_seconds,elapsed_time_seconds,create_histogram_seconds,MAPE,MSE,R2,testing_model_seconds,train_global_model_seconds,local_training_seconds
4.9,4.68,55.53,1.04,0.0,0.0,0.0,1.26,3.83,22.44
0.42,0.0,0.0,0.0,1537.497717276454,0.04186195045655198,-2.8304195926511615,0.0,1.07,13.32
0.41,0.0,0.0,0.0,202.23784336313747,0.07958493187669624,0.5137252473071385,0.0,1.0,13.64
0.7,0.0,0.0,0.0,759.7334466263785,0.025813065467068387,-1.4413674033725852,0.0,1.05,15.71
0.43,0.0,0.0,0.0,980.3214404672188,0.04591818925803637,-3.0606614690054794,0.0,1.01,13.5
0.42,0.0,0.0,0.0,267.1789225624915,0.08479501682574585,0.5501393826964298,0.0,1.04,13.95
0.41,0.0,0.0,0.0,857.4343656788042,0.042006440993237866,-2.65309661948218,0.0,1.08,13.7
0.71,0.0,0.0,0.0,746.6626713840338,0.029104491681685433,-1.70803699934256,0.0,1.05,15.67
0.44,0.0,0.0,0.0,236.7265972251098,0.07506124128446821,0.4983650289035201,0.0,1.05,14.23
