calculate_maxmin_seconds,clustering_time_seconds,elapsed_time_seconds,create_histogram_seconds,MAPE,MSE,R2,testing_model_seconds,train_global_model_seconds,local_training_seconds
5.0,4.61,53.17,0.7,0.0,0.0,0.0,1.75,3.75,20.87
0.43,0.0,0.0,0.0,2285.3205983862586,0.5968072649201663,-3.815156885981252,0.0,1.1,13.93
0.49,0.0,0.0,0.0,6152.216889280507,0.7825730360922637,-68.40732394301286,0.0,1.1,14.32
0.42,0.0,0.0,0.0,1343.199014130322,0.6066346545252148,-3.9906801570513153,0.0,1.1,14.85
0.62,0.0,0.0,0.0,5237.902274728891,0.7629728634367078,-66.5072193223165,0.0,1.11,14.02
0.45,0.0,0.0,0.0,2654.887290939524,0.6295400362724731,-4.162871983990169,0.0,1.11,14.7
0.43,0.0,0.0,0.0,5600.690815172793,0.7722443910253183,-68.36718949847608,0.0,1.09,13.94
0.59,0.0,0.0,0.0,1146.5822464529626,0.6216329741155169,-3.984914593293023,0.0,1.1,15.22
0.48,0.0,0.0,0.0,10025.741824148236,0.802505910332848,-68.77709115113065,0.0,1.17,16.18
