calculate_maxmin_seconds,clustering_time_seconds,elapsed_time_seconds,create_histogram_seconds,MAPE,MSE,R2,testing_model_seconds,train_global_model_seconds,local_training_seconds
8.45,4.83,103.32,1.53,0.0,0.0,0.0,10.8,5.87,34.92
0.43,0.0,0.0,0.0,2238.5298588554106,0.18966836903871065,-16.936091628528633,0.0,2.84,23.75
0.47,0.0,0.0,0.0,2835.3015153187616,0.18011115734142044,-16.624322983048184,0.0,3.2,29.48
0.64,0.0,0.0,0.0,891.6632314812366,0.1612738272592574,0.5611810850936441,0.0,2.82,27.62
0.48,0.0,0.0,0.0,3064.84132730978,0.18760107975832657,-15.658429889589122,0.0,1.76,21.68
2.82,0.0,0.0,0.0,2704.6485670664283,0.1904165101023969,-17.329296279597802,0.0,1.77,26.7
0.48,0.0,0.0,0.0,2471.5087979181176,0.1867965535843658,-17.827033769976346,0.0,1.76,19.65
0.61,0.0,0.0,0.0,442.9006413520443,0.15659543360374914,0.5635186365171365,0.0,2.82,26.25
2.45,0.0,0.0,0.0,2669.509163069813,0.18298292340837233,-14.86791322928825,0.0,1.28,21.93
