calculate_maxmin_seconds,clustering_time_seconds,elapsed_time_seconds,create_histogram_seconds,MAPE,MSE,R2,testing_model_seconds,train_global_model_seconds,local_training_seconds
6.73,4.85,73.75,0.94,0.0,0.0,0.0,3.66,8.14,27.17
1.55,0.0,0.0,0.0,6060.179549332652,0.044594100282066264,-3.5462091835862264,0.0,5.2,21.61
0.53,0.0,0.0,0.0,339.81349104513055,0.07515714519844738,0.4913896309742374,0.0,1.05,14.25
1.59,0.0,0.0,0.0,536.5729095078407,0.029621181162076494,-1.6248976069433114,0.0,4.8,17.86
0.4,0.0,0.0,0.0,972.8984439745656,0.04674428782692696,-3.1866067107409126,0.0,1.06,17.96
1.51,0.0,0.0,0.0,211.1247691566664,0.081821068615899,0.5593105160974361,0.0,5.21,19.09
1.27,0.0,0.0,0.0,1816.500824621907,0.04329265692532453,-2.9771972619891427,0.0,1.03,13.61
0.45,0.0,0.0,0.0,673.702588888028,0.03245381502072862,-1.8991649511610955,0.0,1.13,13.88
0.48,0.0,0.0,0.0,827.9394114596572,0.08370454585604976,0.542482529646986,0.0,1.04,13.64
