calculate_maxmin_seconds,clustering_time_seconds,elapsed_time_seconds,create_histogram_seconds,MAPE,MSE,R2,testing_model_seconds,train_global_model_seconds,local_training_seconds
6.88,4.5,84.79,1.03,0.0,0.0,0.0,4.16,5.93,23.84
2.07,0.0,0.0,0.0,3223.6410142282703,0.15963032147980463,-14.35595024418068,0.0,1.12,15.27
0.45,0.0,0.0,0.0,3119.1137169491694,0.15756659531543818,-14.538217572362342,0.0,1.11,14.82
0.47,0.0,0.0,0.0,15876.862803463406,0.13752753257386374,0.6819883303922938,0.0,1.16,18.94
0.46,0.0,0.0,0.0,2283.0486936733537,0.16022830966870813,-13.136334298249482,0.0,1.13,15.2
2.07,0.0,0.0,0.0,10039.56248029722,0.16333520801285314,-14.508927386332974,0.0,1.11,17.75
0.4,0.0,0.0,0.0,2252.382922366716,0.15397159832533783,-14.375149298312078,0.0,1.1,16.54
1.8,0.0,0.0,0.0,350.23347374447275,0.13790316304107195,0.6866768100801299,0.0,1.12,19.27
0.43,0.0,0.0,0.0,2291.525885407667,0.1569662531844271,-13.197904749963962,0.0,1.1,17.73
