calculate_maxmin_seconds,clustering_time_seconds,elapsed_time_seconds,create_histogram_seconds,MAPE,MSE,R2,testing_model_seconds,train_global_model_seconds,local_training_seconds
7.11,6.15,92.66,2.04,0.0,0.0,0.0,5.52,6.79,33.69
0.43,0.0,0.0,0.0,1905.2976815073137,0.5328598406941172,-3.1018299079689147,0.0,1.16,14.3
0.38,0.0,0.0,0.0,4928.676982978689,0.6931382394666987,-60.86900483213665,0.0,1.18,14.08
1.22,0.0,0.0,0.0,1408.1002537985073,0.5260781773653203,-3.1032645907025476,0.0,2.46,24.98
0.4,0.0,0.0,0.0,4578.380912113394,0.6860328704093722,-59.146442490102594,0.0,2.54,27.34
0.42,0.0,0.0,0.0,1073.2484344675418,0.5310540192477307,-3.168896074821588,0.0,1.2,14.3
0.51,0.0,0.0,0.0,8776.587332937333,0.6876700425511931,-61.24496017548859,0.0,1.46,20.6
0.55,0.0,0.0,0.0,1096.1114673026889,0.5393500728059835,-3.16565201755384,0.0,1.51,15.43
0.43,0.0,0.0,0.0,4819.370642536601,0.7042065039211952,-62.303091696897496,0.0,1.17,14.19
