calculate_maxmin_seconds,clustering_time_seconds,elapsed_time_seconds,create_histogram_seconds,MAPE,MSE,R2,testing_model_seconds,train_global_model_seconds,local_training_seconds
4.85,4.51,51.03,0.87,0.0,0.0,0.0,1.58,3.97,19.45
0.43,0.0,0.0,0.0,1300.5261981256283,0.5532476877987094,-3.403854648893345,0.0,1.17,14.8
0.5,0.0,0.0,0.0,4787.730247258371,0.708431444427095,-60.55428536104105,0.0,1.08,14.29
0.45,0.0,0.0,0.0,1151.1557570718464,0.5634527472405934,-3.606674469707568,0.0,1.1,13.89
0.44,0.0,0.0,0.0,5431.5666239764805,0.7452668128321085,-63.73359253234442,0.0,1.11,14.32
0.42,0.0,0.0,0.0,1687.5310148294866,0.5680133758749999,-3.502167322772019,0.0,1.08,14.48
0.42,0.0,0.0,0.0,5175.983005904437,0.7349721460677656,-63.29548917627426,0.0,1.08,13.85
0.44,0.0,0.0,0.0,1239.4886315402068,0.5699444180775184,-3.518826116259455,0.0,1.1,14.13
0.43,0.0,0.0,0.0,3824.865722528236,0.7157845790257096,-62.17865101568924,0.0,1.11,14.17
