calculate_maxmin_seconds,clustering_time_seconds,elapsed_time_seconds,create_histogram_seconds,MAPE,MSE,R2,testing_model_seconds,train_global_model_seconds,local_training_seconds
6.48,4.51,66.24,0.99,0.0,0.0,0.0,3.15,5.16,23.91
1.61,0.0,0.0,0.0,4877.620533400676,0.15882961780731766,-13.85472395497604,0.0,2.06,17.6
0.87,0.0,0.0,0.0,3617.735940071821,0.15745377553508763,-14.37644391623674,0.0,2.37,19.19
1.43,0.0,0.0,0.0,409.8746676061741,0.1392617378215536,0.6824388358664952,0.0,1.74,16.86
0.92,0.0,0.0,0.0,4485.493489508107,0.15505087103320897,-12.705248172657932,0.0,2.42,18.21
0.95,0.0,0.0,0.0,2811.3194131990604,0.1613383149441706,-14.495160499768708,0.0,1.1,14.49
1.36,0.0,0.0,0.0,2878.8885369799304,0.15545585460570643,-14.52020617308063,0.0,1.08,14.21
0.92,0.0,0.0,0.0,596.7702287276322,0.13875655690771854,0.6875829574225245,0.0,1.09,14.23
1.77,0.0,0.0,0.0,2729.934080656673,0.15495260253578888,-13.268846377920266,0.0,1.1,14.54
