calculate_maxmin_seconds,clustering_time_seconds,elapsed_time_seconds,create_histogram_seconds,MAPE,MSE,R2,testing_model_seconds,train_global_model_seconds,local_training_seconds
10.57,4.7,164.91,2.8,0.0,0.0,0.0,8.91,12.27,41.57
1.24,0.0,0.0,0.0,33796.161710023145,0.1841672827890582,-16.334750672432584,0.0,1.14,30.17
0.43,0.0,0.0,0.0,2457.13753284876,0.18853234276461792,-17.58549780692356,0.0,1.64,18.38
0.39,0.0,0.0,0.0,542.4339022311412,0.15465695933381654,0.5800178214936649,0.0,1.13,35.45
0.42,0.0,0.0,0.0,37103.38281943479,0.1850450409353329,-15.193393486432694,0.0,1.92,17.85
2.66,0.0,0.0,0.0,2161.775327055806,0.18917846975544825,-16.980535632837878,0.0,1.11,31.85
4.93,0.0,0.0,0.0,2727.2407051052505,0.18656814727880103,-17.88247177453743,0.0,1.07,17.47
0.46,0.0,0.0,0.0,448.13498599298384,0.15622482546620997,0.5813264759369865,0.0,1.05,17.99
1.07,0.0,0.0,0.0,2202.946093249439,0.18007475634474468,-15.212246010853317,0.0,1.1,30.76
