calculate_maxmin_seconds,clustering_time_seconds,elapsed_time_seconds,create_histogram_seconds,MAPE,MSE,R2,testing_model_seconds,train_global_model_seconds,local_training_seconds
4.53,4.51,52.44,0.68,0.0,0.0,0.0,1.4,3.73,18.96
0.45,0.0,0.0,0.0,1092.4249280073946,0.0456829281488733,-3.029995581376866,0.0,1.04,14.1
0.44,0.0,0.0,0.0,285.9840640332531,0.0763402899662848,0.5349069047234458,0.0,1.04,13.53
0.43,0.0,0.0,0.0,785.9562419152171,0.02895128151563501,-1.4560888079614185,0.0,1.06,14.35
0.43,0.0,0.0,0.0,1086.3724771451505,0.04718040016033935,-3.498787112145041,0.0,1.03,13.45
0.43,0.0,0.0,0.0,221.1481413911934,0.07757471983125867,0.4900533157176479,0.0,1.05,13.6
0.39,0.0,0.0,0.0,771.2914086833417,0.046754729178941544,-3.018140118540723,0.0,1.08,13.74
0.44,0.0,0.0,0.0,903.4762176903232,0.029283512939701987,-1.5884534966248238,0.0,1.03,13.86
0.43,0.0,0.0,0.0,321.02292493827207,0.07796418928675534,0.5393336228839994,0.0,1.06,13.71
