calculate_maxmin_seconds,clustering_time_seconds,elapsed_time_seconds,create_histogram_seconds,MAPE,MSE,R2,testing_model_seconds,train_global_model_seconds,local_training_seconds
4.85,4.62,60.32,1.03,0.0,0.0,0.0,1.21,3.77,26.59
0.43,0.0,0.0,0.0,1021.4278724785038,0.08771951278553519,0.6653049201320569,0.0,1.05,13.71
0.44,0.0,0.0,0.0,957.2609788537918,0.0737063684354263,-5.035870298739607,0.0,1.07,13.86
0.43,0.0,0.0,0.0,912.3693263725686,0.08194343060311343,0.5974274578643501,0.0,1.04,13.68
0.44,0.0,0.0,0.0,1239.722325898788,0.07274550280298589,-5.347985524787107,0.0,1.04,13.39
0.43,0.0,0.0,0.0,359.0497041179819,0.08303225313541987,0.6119835603622215,0.0,1.1,13.7
0.7,0.0,0.0,0.0,1501.679271165695,0.07733643200467268,-6.5484684035856375,0.0,1.03,20.03
0.42,0.0,0.0,0.0,357.45854302977494,0.08635177872104553,0.5918469631046049,0.0,1.06,13.72
0.71,0.0,0.0,0.0,1045.235000056239,0.07221370889514851,-5.123988277730522,0.0,1.02,19.3
