calculate_maxmin_seconds,clustering_time_seconds,elapsed_time_seconds,create_histogram_seconds,MAPE,MSE,R2,testing_model_seconds,train_global_model_seconds,local_training_seconds
5.14,4.88,57.17,0.72,0.0,0.0,0.0,1.56,5.34,20.32
0.44,0.0,0.0,0.0,5031.09168005708,0.5314175288700734,-3.018498934629817,0.0,1.22,14.02
0.83,0.0,0.0,0.0,7754.366335870537,0.6714360917648391,-58.4457936454384,0.0,1.4,15.22
0.42,0.0,0.0,0.0,1587.9321024915394,0.5322946206228503,-3.1377161304101584,0.0,1.24,14.32
0.44,0.0,0.0,0.0,3871.019977221753,0.6824629561331433,-58.255343982039314,0.0,1.41,15.12
0.77,0.0,0.0,0.0,1494.2343500148163,0.5228813945773432,-3.0636155669459626,0.0,1.4,15.31
0.44,0.0,0.0,0.0,4087.78157132664,0.6778107634759083,-58.90683466750429,0.0,1.32,15.45
0.59,0.0,0.0,0.0,965.3800285377488,0.5290985060603346,-3.0633648560078273,0.0,1.21,14.07
0.46,0.0,0.0,0.0,13574.821108369442,0.6808563464666779,-58.30839307280781,0.0,1.11,15.62
