calculate_maxmin_seconds,clustering_time_seconds,elapsed_time_seconds,create_histogram_seconds,MAPE,MSE,R2,testing_model_seconds,train_global_model_seconds,local_training_seconds
15.52,7.98,174.13,5.3,0.0,0.0,0.0,10.8,30.28,31.14
3.79,0.0,0.0,0.0,808.590475823011,0.47217054771550976,-2.406206540926941,0.0,1.08,25.82
0.43,0.0,0.0,0.0,6002.410013787244,0.6122406982991476,-53.89383903906531,0.0,1.09,24.45
0.42,0.0,0.0,0.0,937.8583773200444,0.4875789928337745,-2.539742135287396,0.0,1.11,18.07
0.51,0.0,0.0,0.0,3534.08909221534,0.6094654088922378,-52.84968737685685,0.0,1.1,15.95
0.48,0.0,0.0,0.0,1230.100940598605,0.46775731346615584,-2.5216786058504543,0.0,1.46,20.5
0.43,0.0,0.0,0.0,3625.943746215445,0.6301966682512681,-54.36899642970008,0.0,1.06,21.33
0.42,0.0,0.0,0.0,690.7412999162016,0.46474940664779374,-2.34049628740044,0.0,1.08,23.0
0.43,0.0,0.0,0.0,167525.79396980442,0.6150887294481107,-53.71666197256002,0.0,1.1,25.47
