calculate_maxmin_seconds,clustering_time_seconds,elapsed_time_seconds,create_histogram_seconds,MAPE,MSE,R2,testing_model_seconds,train_global_model_seconds,local_training_seconds
5.59,4.67,60.04,0.68,0.0,0.0,0.0,1.48,3.78,20.28
0.42,0.0,0.0,0.0,1047.409585516903,0.04116926421321955,-2.4387180510445163,0.0,1.05,13.63
0.43,0.0,0.0,0.0,340.70964138414325,0.08028009282371673,0.551198268975098,0.0,1.03,13.85
0.52,0.0,0.0,0.0,702.0379416277252,0.028963624581194152,-1.4598884079576115,0.0,1.02,14.52
0.54,0.0,0.0,0.0,863.1595853812994,0.04300687275923438,-2.9680885627948586,0.0,1.01,15.61
0.43,0.0,0.0,0.0,345.18958585322514,0.08109399822259272,0.4541162448332552,0.0,1.05,13.84
0.43,0.0,0.0,0.0,890.2285677482246,0.044413324217763145,-2.9542601913997646,0.0,1.03,13.53
0.42,0.0,0.0,0.0,876.778848674332,0.02855928467723906,-1.9048046337603997,0.0,1.1,13.59
0.45,0.0,0.0,0.0,225.5810084270775,0.07780068724700784,0.5406272233461735,0.0,1.06,14.26
