calculate_maxmin_seconds,clustering_time_seconds,elapsed_time_seconds,create_histogram_seconds,MAPE,MSE,R2,testing_model_seconds,train_global_model_seconds,local_training_seconds
8.25,4.33,82.27,1.58,0.0,0.0,0.0,1.49,3.91,22.69
0.41,0.0,0.0,0.0,8460.803628543887,0.1848729128588869,-16.420723553612863,0.0,1.15,16.61
2.48,0.0,0.0,0.0,2362.1635411745565,0.1771982289014801,-16.452112758796765,0.0,1.14,17.86
1.46,0.0,0.0,0.0,496.6214528100229,0.15111236256979096,0.5769010414428661,0.0,1.15,17.19
1.28,0.0,0.0,0.0,2097.491813363949,0.18295866929719687,-15.745399475515182,0.0,1.34,17.08
0.65,0.0,0.0,0.0,2876.6101678600567,0.18141303336598527,-16.215214835721035,0.0,1.12,15.44
0.65,0.0,0.0,0.0,3201.6149830731015,0.18114537963765548,-16.91121606904684,0.0,1.11,14.71
1.48,0.0,0.0,0.0,709.744393544691,0.15187287454114992,0.5671567096036745,0.0,1.14,14.91
0.43,0.0,0.0,0.0,2257.8831375719997,0.17950112327199197,-15.022599532685806,0.0,1.13,17.15
