calculate_maxmin_seconds,clustering_time_seconds,elapsed_time_seconds,create_histogram_seconds,MAPE,MSE,R2,testing_model_seconds,train_global_model_seconds,local_training_seconds
4.78,4.43,50.67,0.79,0.0,0.0,0.0,1.56,3.81,19.34
0.45,0.0,0.0,0.0,2026.0784716481148,0.17902897796298825,-16.141241453013524,0.0,1.12,14.52
0.65,0.0,0.0,0.0,3775.480112445399,0.18050978029430093,-16.95506287424234,0.0,1.09,14.0
0.67,0.0,0.0,0.0,491.7514235965397,0.1477004515511763,0.5819989153995906,0.0,1.11,14.51
0.46,0.0,0.0,0.0,2411.4565519184207,0.1838204160827862,-15.727291698752763,0.0,1.1,14.3
0.42,0.0,0.0,0.0,2601.0085008682477,0.1857073146979059,-16.459426199831583,0.0,1.09,14.42
0.43,0.0,0.0,0.0,4325.672500058599,0.181423510866487,-17.06820322362052,0.0,1.11,14.2
0.41,0.0,0.0,0.0,2841.8992379440647,0.15053993907728738,0.5759869414723933,0.0,1.08,13.87
0.43,0.0,0.0,0.0,3488.860971206504,0.186544651386528,-15.485138212085708,0.0,1.11,14.22
