calculate_maxmin_seconds,clustering_time_seconds,elapsed_time_seconds,create_histogram_seconds,MAPE,MSE,R2,testing_model_seconds,train_global_model_seconds,local_training_seconds
4.58,4.43,52.16,0.69,0.0,0.0,0.0,1.31,3.79,19.57
0.42,0.0,0.0,0.0,1539.7764477633375,0.04781449695111894,-3.3574983720779903,0.0,1.08,14.17
0.43,0.0,0.0,0.0,244.9203527095055,0.07893064637464013,0.5819374076920227,0.0,1.04,14.29
0.44,0.0,0.0,0.0,694.9874442247365,0.026853743829758737,-1.5183735913308305,0.0,1.05,13.45
0.44,0.0,0.0,0.0,2037.2626389302284,0.04172033150980012,-3.075501110009726,0.0,1.05,14.94
0.44,0.0,0.0,0.0,292.1568629499616,0.08275676192825988,0.4261025471816132,0.0,1.04,13.67
0.43,0.0,0.0,0.0,976.979954656091,0.04913126281898017,-3.221885296883012,0.0,1.03,13.96
0.42,0.0,0.0,0.0,616.7284992273709,0.03143995870627713,-1.6588976958824388,0.0,1.09,14.19
0.43,0.0,0.0,0.0,240.31575159931697,0.07798511833176647,0.5167680532915536,0.0,1.04,13.35
