calculate_maxmin_seconds,clustering_time_seconds,elapsed_time_seconds,create_histogram_seconds,MAPE,MSE,R2,testing_model_seconds,train_global_model_seconds,local_training_seconds
5.15,4.59,54.95,0.69,0.0,0.0,0.0,1.25,3.92,21.48
0.4,0.0,0.0,0.0,289.38366984082035,0.0893840217461889,0.658746050202218,0.0,1.03,13.91
0.43,0.0,0.0,0.0,1282.3157088597543,0.06786302784338978,-5.278672495050088,0.0,1.32,13.87
0.42,0.0,0.0,0.0,538.9479997336266,0.07968963288358094,0.5641844851242734,0.0,1.3,15.23
0.42,0.0,0.0,0.0,942.1101690366768,0.06912091580203347,-4.580967404045132,0.0,1.03,14.66
0.42,0.0,0.0,0.0,311.71329489057257,0.08329678375146897,0.6317264853084101,0.0,1.29,14.16
0.42,0.0,0.0,0.0,1044.4613803751329,0.07151140060141076,-5.12117115795692,0.0,1.17,13.49
0.41,0.0,0.0,0.0,399.1585012036086,0.07906675786159122,0.5623048264465236,0.0,1.3,14.01
0.44,0.0,0.0,0.0,1450.5412261401175,0.07039305385937246,-5.41224767613282,0.0,1.33,13.86
