calculate_maxmin_seconds,clustering_time_seconds,elapsed_time_seconds,create_histogram_seconds,MAPE,MSE,R2,testing_model_seconds,train_global_model_seconds,local_training_seconds
24.55,5.01,158.91,6.75,0.0,0.0,0.0,2.54,10.03,92.95
2.98,0.0,0.0,0.0,2212.4257196881113,0.17895426912074933,-16.094709171123856,0.0,1.77,14.49
0.43,0.0,0.0,0.0,6468.454528405717,0.17593734602262906,-16.354342423888575,0.0,7.33,17.09
3.5,0.0,0.0,0.0,691.257894169874,0.14943325755379216,0.6120273649968189,0.0,6.35,25.85
3.51,0.0,0.0,0.0,2856.420599978798,0.17649157685379072,-14.625119468082184,0.0,1.09,14.25
0.43,0.0,0.0,0.0,1891.9605754207107,0.182302898977849,-16.269257218141245,0.0,7.08,17.0
4.24,0.0,0.0,0.0,1985.7521784196256,0.17282801362447156,-16.22454618345805,0.0,1.09,14.57
2.93,0.0,0.0,0.0,424.6508786766309,0.1522160245203501,0.6140130835401456,0.0,1.77,23.32
0.43,0.0,0.0,0.0,3324.8312856596285,0.17422695366550564,-15.075568611401971,0.0,7.39,16.9
