calculate_maxmin_seconds,clustering_time_seconds,elapsed_time_seconds,create_histogram_seconds,MAPE,MSE,R2,testing_model_seconds,train_global_model_seconds,local_training_seconds
10.4,4.58,95.49,1.2,0.0,0.0,0.0,5.77,6.8,30.44
0.85,0.0,0.0,0.0,3786.2641770902383,0.1990870416270221,-17.75768655446279,0.0,3.87,17.54
0.42,0.0,0.0,0.0,3870.145738844929,0.19544124136661395,-18.28346865629152,0.0,3.49,18.28
0.43,0.0,0.0,0.0,839.2364114591944,0.15997261392995463,0.5104893883699602,0.0,3.31,17.79
0.58,0.0,0.0,0.0,1958.5203892788056,0.1959674836873793,-16.84752592157976,0.0,1.11,21.46
1.85,0.0,0.0,0.0,3254.5345000892075,0.2009199269460978,-17.724848977574858,0.0,1.22,22.51
0.58,0.0,0.0,0.0,2935.662204209987,0.19613197065401944,-18.38780785271783,0.0,1.28,25.63
0.89,0.0,0.0,0.0,584.4158314066451,0.1599056701897709,0.5208574181221246,0.0,1.76,25.6
0.47,0.0,0.0,0.0,14055.428291428518,0.19259006709548412,-16.39740725553004,0.0,3.86,17.85
