calculate_maxmin_seconds,clustering_time_seconds,elapsed_time_seconds,create_histogram_seconds,MAPE,MSE,R2,testing_model_seconds,train_global_model_seconds,local_training_seconds
5.22,4.75,56.69,0.73,0.0,0.0,0.0,1.92,4.38,20.96
0.44,0.0,0.0,0.0,1343.3901534228548,0.04205031068434248,-3.154180411445595,0.0,1.56,13.71
0.43,0.0,0.0,0.0,243.95845465532696,0.07613814041014297,0.5202648009096841,0.0,1.6,15.13
0.43,0.0,0.0,0.0,787.0488000983961,0.02951342838683477,-1.4991441420464269,0.0,1.64,16.13
0.4,0.0,0.0,0.0,6725.4949038212135,0.044534191029694054,-2.835701644519519,0.0,1.01,13.63
0.43,0.0,0.0,0.0,233.91423407127667,0.07417758492924115,0.5079194802033558,0.0,1.66,16.25
0.43,0.0,0.0,0.0,3395.5747029758195,0.038615717567972795,-2.5584797767970584,0.0,1.68,15.69
0.54,0.0,0.0,0.0,1123.2996865225114,0.03203627565582864,-1.8886420600535696,0.0,0.99,13.57
0.43,0.0,0.0,0.0,404.02362485045415,0.08168260788548579,0.5582846550819452,0.0,1.53,15.44
