calculate_maxmin_seconds,clustering_time_seconds,elapsed_time_seconds,create_histogram_seconds,MAPE,MSE,R2,testing_model_seconds,train_global_model_seconds,local_training_seconds
4.97,4.57,51.94,0.68,0.0,0.0,0.0,1.32,4.13,18.62
0.56,0.0,0.0,0.0,415.4953002499872,0.08924061163569696,0.6462475950755938,0.0,1.04,13.93
0.65,0.0,0.0,0.0,1892.830795212724,0.06743976977402492,-5.417154049296111,0.0,1.02,13.14
0.43,0.0,0.0,0.0,333.8342300394325,0.07430823496810003,0.5629095180847414,0.0,1.05,13.7
0.43,0.0,0.0,0.0,1494.180293880545,0.06896421947057865,-4.763120305565258,0.0,1.05,13.81
0.4,0.0,0.0,0.0,399.81128897593857,0.08324499903160243,0.5847160879652278,0.0,1.01,13.5
0.42,0.0,0.0,0.0,1120.9632711897775,0.0658104103378777,-5.384627617679308,0.0,1.03,13.4
0.42,0.0,0.0,0.0,1026.9345380168363,0.08579581852554263,0.5398899377298327,0.0,1.04,13.47
0.43,0.0,0.0,0.0,1261.1673110817162,0.07306578412051569,-5.483377362889548,0.0,1.03,13.37
