calculate_maxmin_seconds,clustering_time_seconds,elapsed_time_seconds,create_histogram_seconds,MAPE,MSE,R2,testing_model_seconds,train_global_model_seconds,local_training_seconds
8.67,5.08,122.18,1.93,0.0,0.0,0.0,12.16,10.37,34.11
0.44,0.0,0.0,0.0,959.1051941554956,0.5346444465946942,-3.0778351236236787,0.0,1.12,14.07
0.72,0.0,0.0,0.0,4026.950022851234,0.6668005372722549,-57.58593209475213,0.0,1.13,14.55
0.7,0.0,0.0,0.0,980.1287815184676,0.5250855198576083,-3.0764892637191847,0.0,6.33,24.32
0.73,0.0,0.0,0.0,5408.214609610781,0.66469828657993,-58.29723577418741,0.0,7.46,23.43
0.82,0.0,0.0,0.0,986.1281420418876,0.5110360194391593,-3.0569821268925006,0.0,1.1,14.01
3.04,0.0,0.0,0.0,20584.369662410285,0.6633981898423549,-57.46251599792346,0.0,7.65,28.89
0.43,0.0,0.0,0.0,4344.878343654427,0.5352901821186512,-3.0891092692223445,0.0,1.14,26.67
0.45,0.0,0.0,0.0,7456.897581730232,0.6794161025173443,-57.86750293670365,0.0,1.12,14.6
