calculate_maxmin_seconds,clustering_time_seconds,elapsed_time_seconds,create_histogram_seconds,MAPE,MSE,R2,testing_model_seconds,train_global_model_seconds,local_training_seconds
4.64,4.49,54.01,0.69,0.0,0.0,0.0,1.57,4.26,19.42
0.43,0.0,0.0,0.0,2493.775826034466,0.1835451838749884,-16.588029535911694,0.0,1.47,14.05
0.42,0.0,0.0,0.0,3064.055987579386,0.17948681204292927,-17.07329088399457,0.0,1.1,14.12
0.45,0.0,0.0,0.0,406.9270810066139,0.15569104863172725,0.5959787683036406,0.0,1.58,14.19
0.43,0.0,0.0,0.0,3090.6167239550564,0.17684303493703268,-14.869561624637749,0.0,1.11,14.13
0.42,0.0,0.0,0.0,3274.0866878343036,0.18051572666880744,-15.968796454035155,0.0,1.48,14.63
0.42,0.0,0.0,0.0,5525.976831294127,0.18231860673858727,-16.646767723791505,0.0,1.55,14.1
0.42,0.0,0.0,0.0,516.8969297786153,0.15162254378729342,0.5852202127883996,0.0,1.11,14.22
0.42,0.0,0.0,0.0,2664.6254291581345,0.1845864640961662,-15.541461192698565,0.0,1.16,14.49
