calculate_maxmin_seconds,clustering_time_seconds,elapsed_time_seconds,create_histogram_seconds,MAPE,MSE,R2,testing_model_seconds,train_global_model_seconds,local_training_seconds
4.71,4.73,54.68,0.69,0.0,0.0,0.0,1.51,4.85,19.8
0.44,0.0,0.0,0.0,1113.406710021352,0.04822646298104836,-3.525976036007009,0.0,1.05,13.58
0.43,0.0,0.0,0.0,359.35532874774646,0.07333787553358771,0.49855334072795954,0.0,1.84,14.56
0.43,0.0,0.0,0.0,1479.7054795188249,0.029839654283466095,-1.4946932748192563,0.0,1.59,14.93
0.43,0.0,0.0,0.0,935.8351595340208,0.04439476611018735,-3.211461177885239,0.0,1.05,13.96
0.43,0.0,0.0,0.0,300.9068555547804,0.08079095998851707,0.5676973903990492,0.0,1.09,14.15
0.43,0.0,0.0,0.0,3195.016657570384,0.04618575250223516,-3.304668929717648,0.0,1.83,14.38
0.43,0.0,0.0,0.0,1091.1672010203854,0.033289150758176,-2.2416283286516285,0.0,1.78,14.28
0.44,0.0,0.0,0.0,767.6311762894417,0.07567593187901417,0.5452357879041047,0.0,2.21,14.78
