calculate_maxmin_seconds,clustering_time_seconds,elapsed_time_seconds,create_histogram_seconds,MAPE,MSE,R2,testing_model_seconds,train_global_model_seconds,local_training_seconds
7.46,4.9,75.59,1.22,0.0,0.0,0.0,6.29,6.05,26.65
0.42,0.0,0.0,0.0,2126.472454237444,0.5354837794642318,-3.168682259497742,0.0,1.1,14.38
0.43,0.0,0.0,0.0,7312.379242789252,0.6764273668495243,-58.75263382935197,0.0,1.12,14.12
0.43,0.0,0.0,0.0,1050.7355519749472,0.5344830601798704,-3.1071267051615328,0.0,1.26,17.73
0.45,0.0,0.0,0.0,4955.976124651864,0.6970719179243416,-60.41412199390837,0.0,1.11,14.36
0.41,0.0,0.0,0.0,1723.1618102339378,0.5341313967760551,-3.1388275382929907,0.0,1.46,18.87
0.49,0.0,0.0,0.0,4268.574126193997,0.6703179147715315,-59.2036816440433,0.0,1.54,21.74
0.5,0.0,0.0,0.0,4134.116083181294,0.533468816636161,-3.109830815959044,0.0,1.08,14.29
0.4,0.0,0.0,0.0,4461.406614346089,0.685171881769466,-60.0794671607341,0.0,1.11,20.48
