calculate_maxmin_seconds,clustering_time_seconds,elapsed_time_seconds,create_histogram_seconds,MAPE,MSE,R2,testing_model_seconds,train_global_model_seconds,local_training_seconds
4.52,4.7,51.37,0.7,0.0,0.0,0.0,1.29,3.76,18.77
0.43,0.0,0.0,0.0,335.0845809095588,0.09048429560497782,0.6474273614076602,0.0,1.1,13.96
0.43,0.0,0.0,0.0,101543.32305351114,0.07632121858573675,-5.356049307229064,0.0,1.05,13.61
0.43,0.0,0.0,0.0,1642.5566245010082,0.08156547903650038,0.5622900965366353,0.0,1.03,13.45
0.42,0.0,0.0,0.0,1670.8844041261173,0.07359525908531792,-5.136145125721264,0.0,1.05,13.65
0.42,0.0,0.0,0.0,445.6295425011577,0.08351944785465609,0.6104231846658619,0.0,1.05,13.65
0.41,0.0,0.0,0.0,1410.9330155196906,0.06952208413017148,-4.968836634683852,0.0,1.04,13.89
0.44,0.0,0.0,0.0,479.4664102655032,0.08232144316040343,0.5998297191494966,0.0,1.04,13.3
0.41,0.0,0.0,0.0,3034.3904697585317,0.08095954052339668,-6.388403701611136,0.0,1.03,13.48
