calculate_maxmin_seconds,clustering_time_seconds,elapsed_time_seconds,create_histogram_seconds,MAPE,MSE,R2,testing_model_seconds,train_global_model_seconds,local_training_seconds
9.27,5.29,78.63,2.41,0.0,0.0,0.0,1.53,4.52,24.58
0.44,0.0,0.0,0.0,1598.1819524535008,0.5705517022348816,-3.478632098310528,0.0,1.14,14.36
0.39,0.0,0.0,0.0,6038.456028478629,0.7311313456737315,-63.44371897795384,0.0,1.15,14.99
0.44,0.0,0.0,0.0,1198.3559999769318,0.5545716943668226,-3.3692906457147886,0.0,1.23,14.81
0.86,0.0,0.0,0.0,5319.370249645558,0.7125509793409267,-62.20170986609275,0.0,1.22,18.21
0.44,0.0,0.0,0.0,1269.357816714317,0.5594295549482077,-3.446399733202542,0.0,1.12,16.4
0.63,0.0,0.0,0.0,4259.530514772641,0.7103634489026615,-61.5090230109659,0.0,1.12,14.95
0.39,0.0,0.0,0.0,1208.6073870313382,0.551784950702,-3.443711441925851,0.0,1.11,14.71
0.54,0.0,0.0,0.0,5557.58884791928,0.7118545242492804,-62.2500408830889,0.0,1.12,15.2
