calculate_maxmin_seconds,clustering_time_seconds,elapsed_time_seconds,create_histogram_seconds,MAPE,MSE,R2,testing_model_seconds,train_global_model_seconds,local_training_seconds
4.64,4.97,52.05,0.69,0.0,0.0,0.0,1.58,4.74,19.4
0.42,0.0,0.0,0.0,931.5919609143144,0.5082829156203618,-2.8961155101693525,0.0,1.79,14.07
0.43,0.0,0.0,0.0,4837.200791739391,0.6553224243546202,-56.88467596234176,0.0,1.1,14.26
0.43,0.0,0.0,0.0,1427.3389653212555,0.5029123120232692,-2.748209491415212,0.0,2.15,14.62
0.44,0.0,0.0,0.0,8849.923015880653,0.626204212701654,-54.124450726666744,0.0,1.11,14.31
0.44,0.0,0.0,0.0,932.85984569655,0.5064003252100783,-2.8562655369759233,0.0,1.09,14.26
0.42,0.0,0.0,0.0,3851.1067495682832,0.6411766167347616,-56.01197412738395,0.0,1.8,14.26
0.43,0.0,0.0,0.0,1098.797156600836,0.5042856559701013,-2.8468032543047452,0.0,1.12,14.3
0.45,0.0,0.0,0.0,5521.373705668983,0.656555180740478,-56.77586502240449,0.0,1.58,14.74
