calculate_maxmin_seconds,clustering_time_seconds,elapsed_time_seconds,create_histogram_seconds,MAPE,MSE,R2,testing_model_seconds,train_global_model_seconds,local_training_seconds
5.58,5.08,67.85,1.14,0.0,0.0,0.0,2.15,4.76,20.91
0.43,0.0,0.0,0.0,993.8248265926884,0.5784687071443699,-3.6872609650167334,0.0,1.11,14.04
0.44,0.0,0.0,0.0,4229.386277716421,0.7505640943700219,-65.84078893478417,0.0,1.1,14.1
0.41,0.0,0.0,0.0,1164.2724764608247,0.5920772317813027,-3.679449119992386,0.0,1.08,15.13
0.98,0.0,0.0,0.0,5692.626177152324,0.7472969722842409,-65.36001078693313,0.0,1.11,14.29
1.11,0.0,0.0,0.0,977.8822326881224,0.6114085224680356,-3.82686969932906,0.0,1.1,14.84
0.54,0.0,0.0,0.0,4404.571652786494,0.7697849868623686,-67.56451277425386,0.0,1.1,14.84
0.43,0.0,0.0,0.0,1783.7190517160946,0.587353428827282,-3.758579478563006,0.0,1.09,13.93
0.4,0.0,0.0,0.0,5795.710789421292,0.7348743402968383,-63.263592442884885,0.0,1.1,14.85
