calculate_maxmin_seconds,clustering_time_seconds,elapsed_time_seconds,create_histogram_seconds,MAPE,MSE,R2,testing_model_seconds,train_global_model_seconds,local_training_seconds
4.56,4.63,60.55,0.69,0.0,0.0,0.0,1.27,6.32,25.44
0.43,0.0,0.0,0.0,915.5680251363544,0.044982997112087024,-3.526245250809681,0.0,1.05,14.68
0.43,0.0,0.0,0.0,264.33425398009757,0.07451655944927306,0.4959867115740971,0.0,1.03,13.4
0.42,0.0,0.0,0.0,595.0007601059987,0.028068382633868575,-1.27331264819668,0.0,1.01,13.29
0.43,0.0,0.0,0.0,1686.6584973536017,0.04617097405543451,-3.144891700922517,0.0,1.03,13.9
0.42,0.0,0.0,0.0,281.67882888514043,0.08257184169348952,0.5463067851333905,0.0,1.04,14.06
0.42,0.0,0.0,0.0,1300.7880754311177,0.044310121215923634,-2.9861120578201708,0.0,1.82,19.78
0.43,0.0,0.0,0.0,831.483517762664,0.029082791732780822,-1.8699873021335804,0.0,1.05,13.36
0.46,0.0,0.0,0.0,257.68745064668576,0.07759591846394233,0.544497446770904,0.0,1.98,19.73
