calculate_maxmin_seconds,clustering_time_seconds,elapsed_time_seconds,create_histogram_seconds,MAPE,MSE,R2,testing_model_seconds,train_global_model_seconds,local_training_seconds
7.32,5.57,82.99,1.15,0.0,0.0,0.0,4.51,7.9,25.52
0.39,0.0,0.0,0.0,876.1801969828629,0.531564916872221,-3.129921574092429,0.0,1.15,18.23
2.24,0.0,0.0,0.0,3809.0779463553977,0.6703901806233866,-58.004444575980635,0.0,1.74,19.14
0.43,0.0,0.0,0.0,963.6578629345448,0.5438490664865039,-3.1754878661353487,0.0,1.11,14.39
0.49,0.0,0.0,0.0,4356.141517637112,0.6983195025136599,-60.217288293883435,0.0,1.1,14.36
0.65,0.0,0.0,0.0,1086.3191693858923,0.5424907425863202,-3.276006074375122,0.0,1.13,18.39
0.71,0.0,0.0,0.0,8195.018385640857,0.6819579118811326,-59.01275138280834,0.0,1.1,14.22
0.46,0.0,0.0,0.0,879.9894797437247,0.5303125900144338,-3.0805862760880265,0.0,1.09,14.86
1.95,0.0,0.0,0.0,4119.603586398878,0.687550158069091,-59.73579499478287,0.0,3.77,19.66
