calculate_maxmin_seconds,clustering_time_seconds,elapsed_time_seconds,create_histogram_seconds,MAPE,MSE,R2,testing_model_seconds,train_global_model_seconds,local_training_seconds
6.23,4.48,67.71,1.09,0.0,0.0,0.0,1.68,5.27,24.7
0.39,0.0,0.0,0.0,2385.545995945835,0.20948771903715843,-18.8895635398197,0.0,1.11,14.76
0.43,0.0,0.0,0.0,3830.445760653221,0.20802207672567805,-19.88712195978163,0.0,2.6,18.14
0.42,0.0,0.0,0.0,521.7353404689659,0.1695382195952412,0.4672734518495465,0.0,2.5,17.95
0.86,0.0,0.0,0.0,3032.1610387872374,0.20232720480553845,-16.841649377013805,0.0,1.16,14.33
0.48,0.0,0.0,0.0,3138.8313918618915,0.21017244834723303,-18.971799473430313,0.0,1.74,15.14
1.37,0.0,0.0,0.0,5534.918331504165,0.2073671274640384,-19.484910642396137,0.0,2.49,17.91
0.41,0.0,0.0,0.0,654.0708989814038,0.16672628021143357,0.4714270713186143,0.0,1.11,14.09
0.93,0.0,0.0,0.0,2844.7713000660556,0.20782258608516924,-17.32672672406723,0.0,2.5,19.06
