calculate_maxmin_seconds,clustering_time_seconds,elapsed_time_seconds,create_histogram_seconds,MAPE,MSE,R2,testing_model_seconds,train_global_model_seconds,local_training_seconds
7.9,7.39,96.25,3.3,0.0,0.0,0.0,11.42,8.75,28.22
1.05,0.0,0.0,0.0,1184.5692752640264,0.4220915548419007,-2.0504386960957537,0.0,1.26,14.45
0.42,0.0,0.0,0.0,5344.85013821987,0.5628122595860848,-49.97234875046236,0.0,2.21,20.04
0.44,0.0,0.0,0.0,845.9525596868443,0.421996487258268,-1.963558863868058,0.0,1.4,23.29
0.4,0.0,0.0,0.0,3672.762531361581,0.5485089947507347,-47.97986523783414,0.0,3.02,22.57
1.0,0.0,0.0,0.0,1006.5803100732873,0.43176514076641265,-2.1039173549766,0.0,1.3,14.87
1.11,0.0,0.0,0.0,4825.813187206439,0.5490272544780046,-48.62773124212714,0.0,1.27,14.39
0.64,0.0,0.0,0.0,1066.3407000233087,0.4283660343849919,-2.0654809367079303,0.0,1.29,15.07
0.43,0.0,0.0,0.0,5829.733963145217,0.5596375726282314,-48.05261544711058,0.0,3.12,22.76
