calculate_maxmin_seconds,clustering_time_seconds,elapsed_time_seconds,create_histogram_seconds,MAPE,MSE,R2,testing_model_seconds,train_global_model_seconds,local_training_seconds
5.94,4.63,53.05,0.69,0.0,0.0,0.0,1.29,3.72,19.03
0.39,0.0,0.0,0.0,1355.0330134572323,0.04182445651599309,-2.9459181096296634,0.0,1.02,14.08
0.44,0.0,0.0,0.0,955.3031334924444,0.083603047923397,0.492380804991048,0.0,1.03,13.59
0.44,0.0,0.0,0.0,652.6987691577308,0.025264325905274342,-1.266892307092927,0.0,1.04,13.79
0.43,0.0,0.0,0.0,800.8910519077214,0.03996119009122226,-2.726740481911649,0.0,1.04,13.38
0.39,0.0,0.0,0.0,306.2673143039092,0.08291510554333803,0.5261889205942081,0.0,1.03,13.55
0.43,0.0,0.0,0.0,876.6833253384738,0.043392728796981785,-3.3095619529230387,0.0,1.04,13.56
0.71,0.0,0.0,0.0,818.2844895657531,0.03131874370511536,-1.9612206867821125,0.0,1.09,14.27
0.71,0.0,0.0,0.0,190.11178120468537,0.07642600636676646,0.5085459476250569,0.0,1.03,13.38
