calculate_maxmin_seconds,clustering_time_seconds,elapsed_time_seconds,create_histogram_seconds,MAPE,MSE,R2,testing_model_seconds,train_global_model_seconds,local_training_seconds
4.65,4.44,56.14,0.69,0.0,0.0,0.0,1.85,4.29,20.94
0.42,0.0,0.0,0.0,1335.347358821975,0.04390850492713161,-3.0246517433973965,0.0,1.44,13.88
0.46,0.0,0.0,0.0,382.7541278562423,0.08058703041044875,0.5448794308927086,0.0,1.09,16.2
0.42,0.0,0.0,0.0,653.29747434151,0.02843537883852022,-1.4982295259342893,0.0,1.44,13.75
0.44,0.0,0.0,0.0,979.4118340742848,0.04666879038210458,-3.264888015317747,0.0,1.06,15.72
0.43,0.0,0.0,0.0,258.2608422840975,0.07955118152711509,0.5440605948626442,0.0,1.43,14.5
0.41,0.0,0.0,0.0,1202.69663233739,0.04362543995940554,-2.879483741167686,0.0,1.09,14.68
0.43,0.0,0.0,0.0,1219.8115476967907,0.031172914639459953,-2.012970208462367,0.0,1.04,15.44
0.43,0.0,0.0,0.0,821.2385305450468,0.07834090225161193,0.5492183301132222,0.0,1.05,15.81
