calculate_maxmin_seconds,clustering_time_seconds,elapsed_time_seconds,create_histogram_seconds,MAPE,MSE,R2,testing_model_seconds,train_global_model_seconds,local_training_seconds
7.2,4.37,78.64,0.97,0.0,0.0,0.0,3.61,7.54,28.25
0.55,0.0,0.0,0.0,2786.5226195411374,0.08656298354662471,0.6387035367296727,0.0,1.04,13.9
0.64,0.0,0.0,0.0,1302.7146427912965,0.07216862289172597,-5.2588414603301405,0.0,4.15,21.25
1.73,0.0,0.0,0.0,299.56617747766813,0.08287101798144422,0.6072687969716779,0.0,4.13,21.53
0.43,0.0,0.0,0.0,1441.1237540617158,0.07956216018936761,-5.384759880399909,0.0,1.04,16.03
0.44,0.0,0.0,0.0,350.0365540983403,0.08631438682576877,0.618517098016089,0.0,4.24,22.02
0.42,0.0,0.0,0.0,1856.356713957892,0.0748516991197544,-5.5404816876429654,0.0,1.04,13.92
0.6,0.0,0.0,0.0,306.1037705775763,0.088766490512266,0.6095672570431767,0.0,1.02,14.08
0.4,0.0,0.0,0.0,1824.243422238526,0.07780863404264443,-5.452979027900831,0.0,3.54,16.93
