calculate_maxmin_seconds,clustering_time_seconds,elapsed_time_seconds,create_histogram_seconds,MAPE,MSE,R2,testing_model_seconds,train_global_model_seconds,local_training_seconds
5.97,4.79,71.61,1.2,0.0,0.0,0.0,3.26,6.02,26.29
0.43,0.0,0.0,0.0,2352.091560540824,0.1657280052749577,-14.686494054498608,0.0,1.12,14.1
0.82,0.0,0.0,0.0,2256.4387226556187,0.16462345699551484,-15.08715982004414,0.0,1.67,19.68
0.43,0.0,0.0,0.0,345.53504171568056,0.14548189838206063,0.6600197227357876,0.0,1.11,14.09
0.8,0.0,0.0,0.0,2296.265079682056,0.16607443663891633,-13.670944683061563,0.0,3.11,20.62
1.14,0.0,0.0,0.0,2982.897199634961,0.17089087936657332,-15.006188824253872,0.0,2.31,20.05
0.41,0.0,0.0,0.0,3027.9637048166815,0.16762085392822582,-15.713355725324508,0.0,2.93,19.91
0.44,0.0,0.0,0.0,650.3193132096687,0.1422029460574285,0.6560860811604515,0.0,1.1,16.6
0.43,0.0,0.0,0.0,2344.0891189601816,0.16035117155520648,-13.332405355642246,0.0,1.16,14.96
