calculate_maxmin_seconds,clustering_time_seconds,elapsed_time_seconds,create_histogram_seconds,MAPE,MSE,R2,testing_model_seconds,train_global_model_seconds,local_training_seconds
4.93,4.57,51.35,1.2,0.0,0.0,0.0,1.56,3.79,19.49
0.51,0.0,0.0,0.0,1386.3359551422357,0.548034251164374,-3.3364141245144445,0.0,1.1,13.9
0.43,0.0,0.0,0.0,3780.1135789004384,0.6957247431530642,-60.239671311287054,0.0,1.13,14.7
0.4,0.0,0.0,0.0,1031.3487406554395,0.5444899523726958,-3.2343096700730616,0.0,1.08,14.09
0.44,0.0,0.0,0.0,5498.758579081325,0.6921835323176696,-60.533555410053935,0.0,1.11,14.45
0.72,0.0,0.0,0.0,1406.9970299114934,0.5353648730311439,-3.1321052532018765,0.0,1.12,14.41
0.72,0.0,0.0,0.0,6686.067868655714,0.7069567364233251,-61.47527535816805,0.0,1.13,14.13
0.41,0.0,0.0,0.0,1049.9702473822165,0.5491944231278458,-3.1422951309808003,0.0,1.1,14.27
0.44,0.0,0.0,0.0,8257.433417109474,0.681526238412612,-59.9488411241465,0.0,1.16,14.86
