calculate_maxmin_seconds,clustering_time_seconds,elapsed_time_seconds,create_histogram_seconds,MAPE,MSE,R2,testing_model_seconds,train_global_model_seconds,local_training_seconds
9.25,4.62,157.79,1.57,0.0,0.0,0.0,5.93,7.02,30.93
2.06,0.0,0.0,0.0,2389.146243682017,0.18618497002931345,-16.58311867878654,0.0,1.8,25.44
0.56,0.0,0.0,0.0,9335.209487222044,0.18283846713316432,-17.323949312384077,0.0,2.51,26.45
0.93,0.0,0.0,0.0,528.3694188873062,0.15696909268340825,0.5437885041524786,0.0,1.08,25.55
0.44,0.0,0.0,0.0,2060.804112142326,0.18272453895502383,-15.220713444023088,0.0,1.82,23.74
0.99,0.0,0.0,0.0,2778.7464265528733,0.19096924232849705,-17.03478354896357,0.0,1.88,25.02
0.43,0.0,0.0,0.0,4035.752585568473,0.18759455782278583,-17.663335042986482,0.0,2.61,18.58
4.27,0.0,0.0,0.0,502.1880321172388,0.15624538252731757,0.5766939171890141,0.0,3.49,19.63
0.99,0.0,0.0,0.0,2251.1426453957756,0.18413272575290107,-15.085728156885525,0.0,1.82,24.08
