calculate_maxmin_seconds,clustering_time_seconds,elapsed_time_seconds,create_histogram_seconds,MAPE,MSE,R2,testing_model_seconds,train_global_model_seconds,local_training_seconds
7.67,4.36,150.98,2.44,0.0,0.0,0.0,5.06,5.72,90.55
0.39,0.0,0.0,0.0,872.2582244051823,0.6304030669296723,-4.124240795451675,0.0,1.09,64.25
0.41,0.0,0.0,0.0,5226.366396843939,0.7829044440476831,-67.73645414936915,0.0,2.53,14.78
1.19,0.0,0.0,0.0,1167.0276735850912,0.6320890859949396,-4.21534886773494,0.0,1.08,64.05
0.44,0.0,0.0,0.0,4744.110110936262,0.8114645814960235,-70.71091612304878,0.0,2.53,14.12
0.43,0.0,0.0,0.0,923.9130519140348,0.639688253146776,-4.451066501765546,0.0,1.6,19.91
0.52,0.0,0.0,0.0,6782.945655952249,0.7837624670593245,-69.42447941995668,0.0,1.19,64.64
0.45,0.0,0.0,0.0,2658.364974516104,0.6267246309126072,-4.279267230222669,0.0,1.86,14.64
0.6,0.0,0.0,0.0,6218.7582367502255,0.7865636914010521,-68.30504527994077,0.0,1.11,26.84
