calculate_maxmin_seconds,clustering_time_seconds,elapsed_time_seconds,create_histogram_seconds,MAPE,MSE,R2,testing_model_seconds,train_global_model_seconds,local_training_seconds
9.55,5.03,86.12,1.05,0.0,0.0,0.0,7.25,6.65,27.59
2.45,0.0,0.0,0.0,1054.1639805004284,0.4833795629139346,-2.636571143173601,0.0,1.15,16.86
0.53,0.0,0.0,0.0,4799.6768984990995,0.6438226606554134,-56.63690594964445,0.0,1.17,15.83
2.44,0.0,0.0,0.0,994.1223660717296,0.48851519958830936,-2.693943297940096,0.0,1.22,15.96
1.36,0.0,0.0,0.0,12344.204217917302,0.634024708906635,-54.912747210276585,0.0,1.8,17.36
1.69,0.0,0.0,0.0,1248.9660177356752,0.5029610211942362,-2.8048559863186,0.0,3.13,22.27
1.42,0.0,0.0,0.0,4090.6566835946664,0.637639487705362,-54.86988232881198,0.0,2.07,16.67
0.39,0.0,0.0,0.0,1269.90256448584,0.4896084005257284,-2.6710539609259065,0.0,1.22,17.8
1.15,0.0,0.0,0.0,4059.6423225747617,0.6322278379300429,-54.67732952840566,0.0,1.11,17.64
