calculate_maxmin_seconds,clustering_time_seconds,elapsed_time_seconds,create_histogram_seconds,MAPE,MSE,R2,testing_model_seconds,train_global_model_seconds,local_training_seconds
28.56,5.7,159.84,39.44,0.0,0.0,0.0,7.18,8.84,33.5
14.0,0.0,0.0,0.0,1166.0634484492948,0.5844631740450494,-3.662492443476183,0.0,1.26,18.32
0.4,0.0,0.0,0.0,4817.334454524252,0.7492412076665836,-64.60008184459457,0.0,1.09,28.62
0.43,0.0,0.0,0.0,2428.422090863964,0.5870898595544191,-3.6031878939188977,0.0,1.09,20.67
2.42,0.0,0.0,0.0,6977.664049772347,0.7431200016590664,-65.5275168145742,0.0,5.86,20.16
0.42,0.0,0.0,0.0,1318.6735900256724,0.5682932889499068,-3.532407509426821,0.0,1.08,25.12
8.89,0.0,0.0,0.0,10920.230890715073,0.7390600765221452,-65.41280820424566,0.0,2.71,18.18
5.26,0.0,0.0,0.0,1196.0488048990496,0.5738193518020911,-3.550706403049748,0.0,2.79,18.27
9.4,0.0,0.0,0.0,6801.766853993397,0.764827163637947,-66.60346189394565,0.0,2.66,17.98
