calculate_maxmin_seconds,clustering_time_seconds,elapsed_time_seconds,create_histogram_seconds,MAPE,MSE,R2,testing_model_seconds,train_global_model_seconds,local_training_seconds
6.64,4.47,65.42,1.47,0.0,0.0,0.0,3.26,5.32,24.25
1.77,0.0,0.0,0.0,2523.8796524038307,0.1875878850259178,-16.879463679512,0.0,1.47,14.82
0.57,0.0,0.0,0.0,68956.44889524425,0.184947218985334,-17.23955286136969,0.0,1.47,14.16
0.43,0.0,0.0,0.0,630.0339427369294,0.1534655206037239,0.5435100433981725,0.0,2.42,18.95
1.53,0.0,0.0,0.0,5265.492223538109,0.18354141905790855,-15.40925706371404,0.0,1.47,14.88
0.42,0.0,0.0,0.0,2476.9776413775007,0.18947814540738292,-17.24828773373845,0.0,2.46,19.51
0.44,0.0,0.0,0.0,10502.08250731816,0.18613442826717003,-17.377205061452177,0.0,1.89,16.39
0.56,0.0,0.0,0.0,760.4288535480217,0.1581297139541147,0.5628635226691975,0.0,1.52,19.35
0.4,0.0,0.0,0.0,3481.485486901786,0.18622676955942064,-15.653776377615156,0.0,2.46,18.31
