calculate_maxmin_seconds,clustering_time_seconds,elapsed_time_seconds,create_histogram_seconds,MAPE,MSE,R2,testing_model_seconds,train_global_model_seconds,local_training_seconds
16.25,4.59,101.01,1.62,0.0,0.0,0.0,2.87,8.0,35.14
0.45,0.0,0.0,0.0,824.3758446288991,0.04213680864726485,-2.687101911591657,0.0,2.16,26.21
0.44,0.0,0.0,0.0,257.2270748336388,0.07855082269721449,0.4965289610721312,0.0,2.06,19.15
0.49,0.0,0.0,0.0,882.3060760618621,0.02702296993358282,-1.521567550023878,0.0,1.72,25.32
1.34,0.0,0.0,0.0,1520.9726945123907,0.04082195899408371,-2.456921127277456,0.0,4.23,22.13
3.82,0.0,0.0,0.0,1028.908345878128,0.07633215205707952,0.5024700791582184,0.0,2.14,18.97
0.42,0.0,0.0,0.0,673.6450079644322,0.04220940819680829,-2.668339069373636,0.0,4.31,22.09
0.42,0.0,0.0,0.0,875.2261846508482,0.031422805449909094,-1.878056770930146,0.0,4.35,22.86
3.14,0.0,0.0,0.0,312.70634349051346,0.07444268674735936,0.5468610153560656,0.0,1.54,19.12
