calculate_maxmin_seconds,clustering_time_seconds,elapsed_time_seconds,create_histogram_seconds,MAPE,MSE,R2,testing_model_seconds,train_global_model_seconds,local_training_seconds
4.69,4.65,54.87,0.7,0.0,0.0,0.0,1.69,3.91,22.85
0.43,0.0,0.0,0.0,3996.195368240202,0.17022094120783676,-15.028997835202244,0.0,1.11,16.29
0.43,0.0,0.0,0.0,2185.9865231697136,0.16493921880186535,-15.474810990281266,0.0,1.1,15.08
0.44,0.0,0.0,0.0,385.3537772125409,0.1492540710378712,0.6389034546008638,0.0,1.13,15.74
0.44,0.0,0.0,0.0,3287.052463810312,0.16502536433662843,-14.066095228200524,0.0,1.1,16.05
0.42,0.0,0.0,0.0,2275.061809786394,0.16830622034052237,-15.384089003366388,0.0,1.1,15.57
0.43,0.0,0.0,0.0,4778.134900368578,0.17168958264296577,-16.115080978810237,0.0,1.11,17.99
0.42,0.0,0.0,0.0,578.4575217709892,0.14457899361230628,0.6162466032269064,0.0,1.1,15.61
0.44,0.0,0.0,0.0,3403.5098285052513,0.16606489166496077,-14.033947325118012,0.0,1.1,16.37
