calculate_maxmin_seconds,clustering_time_seconds,elapsed_time_seconds,create_histogram_seconds,MAPE,MSE,R2,testing_model_seconds,train_global_model_seconds,local_training_seconds
4.56,4.55,51.96,0.69,0.0,0.0,0.0,1.53,3.81,20.44
0.43,0.0,0.0,0.0,1116.39479827969,0.4835546307887714,-2.6364278484690264,0.0,1.1,15.66
0.42,0.0,0.0,0.0,5337.546279603074,0.639703084597041,-55.54010599740034,0.0,1.13,14.13
0.44,0.0,0.0,0.0,1023.7519338787934,0.502122118792711,-2.7370099644770223,0.0,1.12,14.29
0.43,0.0,0.0,0.0,4502.4603038109835,0.6478461701047713,-57.3806967245689,0.0,1.15,15.63
0.43,0.0,0.0,0.0,2477.124203133265,0.5066256444885194,-2.774420162530652,0.0,1.1,14.21
0.43,0.0,0.0,0.0,4654.132966685904,0.6316199676135303,-54.08165087317144,0.0,1.09,15.54
0.43,0.0,0.0,0.0,1089.1615673253689,0.4980586726856065,-2.6700897501090637,0.0,1.1,15.07
0.48,0.0,0.0,0.0,6700.947714609461,0.6275147339553819,-54.20174667124565,0.0,1.12,14.16
