calculate_maxmin_seconds,clustering_time_seconds,elapsed_time_seconds,create_histogram_seconds,MAPE,MSE,R2,testing_model_seconds,train_global_model_seconds,local_training_seconds
12.45,5.56,180.14,1.71,0.0,0.0,0.0,10.13,7.45,37.18
3.85,0.0,0.0,0.0,4186.341997490714,0.18917628183864668,-17.068763009728606,0.0,3.87,27.9
2.23,0.0,0.0,0.0,2465.2981454334367,0.18559140481244335,-17.519635494402802,0.0,1.09,29.39
1.92,0.0,0.0,0.0,616.0995824051033,0.1550661512557676,0.5688193354736606,0.0,1.12,20.24
3.77,0.0,0.0,0.0,2973.3847237397317,0.18555681434323684,-15.57089942371942,0.0,4.84,26.36
2.66,0.0,0.0,0.0,3107.930580891325,0.19005080254092735,-16.906441020132686,0.0,1.19,18.6
1.64,0.0,0.0,0.0,3387.1660168589015,0.18967713157241417,-17.63415013964124,0.0,1.11,19.21
3.14,0.0,0.0,0.0,1084.6129134053033,0.15833458123335628,0.5651397072849645,0.0,1.1,19.47
0.44,0.0,0.0,0.0,2828.9490608817664,0.18877511089408713,-15.901670686377102,0.0,1.05,31.85
