calculate_maxmin_seconds,clustering_time_seconds,elapsed_time_seconds,create_histogram_seconds,MAPE,MSE,R2,testing_model_seconds,train_global_model_seconds,local_training_seconds
7.21,4.67,70.8,0.99,0.0,0.0,0.0,2.91,5.25,24.13
1.44,0.0,0.0,0.0,1585.7776129611525,0.5562808902929535,-3.3853337896414732,0.0,2.31,18.0
0.43,0.0,0.0,0.0,5752.811537291127,0.6939929584274414,-61.30363667293021,0.0,1.24,17.22
0.43,0.0,0.0,0.0,863.8165596136272,0.5399738839348815,-3.2351681876806566,0.0,1.14,14.12
0.49,0.0,0.0,0.0,4746.619183787009,0.6993393735210469,-60.85041401139021,0.0,1.15,15.37
0.51,0.0,0.0,0.0,1315.853228795669,0.5507679189363397,-3.331464976876487,0.0,2.16,17.58
0.42,0.0,0.0,0.0,4119.605821878581,0.6986749315337469,-61.08489359430929,0.0,1.13,13.84
0.43,0.0,0.0,0.0,883.2555760256259,0.5559955707627353,-3.3623324422744725,0.0,1.25,14.33
1.44,0.0,0.0,0.0,8404.696048957683,0.6959826948137672,-61.07504778916511,0.0,2.58,19.41
