calculate_maxmin_seconds,clustering_time_seconds,elapsed_time_seconds,create_histogram_seconds,MAPE,MSE,R2,testing_model_seconds,train_global_model_seconds,local_training_seconds
4.64,4.71,51.9,0.69,0.0,0.0,0.0,1.27,3.85,19.24
0.43,0.0,0.0,0.0,335.2648686858086,0.08717872289221802,0.6082727375707908,0.0,1.05,14.18
0.42,0.0,0.0,0.0,1027.854781653678,0.067168675826094,-5.404667059686848,0.0,1.05,14.46
0.43,0.0,0.0,0.0,672.6632204204,0.09113732162584838,0.5618273754253926,0.0,1.12,14.28
0.43,0.0,0.0,0.0,3272.279419114236,0.06537747423646828,-4.598244031815019,0.0,1.04,13.24
0.43,0.0,0.0,0.0,409.549269653972,0.08357290370282544,0.5914421105005301,0.0,1.05,13.82
0.44,0.0,0.0,0.0,1610.551769120741,0.06777240443785316,-5.174975404118349,0.0,1.05,13.68
0.43,0.0,0.0,0.0,383.92982272845035,0.08014232032906496,0.5669338316361756,0.0,1.03,13.79
0.42,0.0,0.0,0.0,2337.4686075473724,0.06393219255751549,-4.935797149569891,0.0,1.02,13.32
