calculate_maxmin_seconds,clustering_time_seconds,elapsed_time_seconds,create_histogram_seconds,MAPE,MSE,R2,testing_model_seconds,train_global_model_seconds,local_training_seconds
4.81,4.55,54.99,1.03,0.0,0.0,0.0,1.24,3.7,22.18
0.43,0.0,0.0,0.0,413.2303622626925,0.0951086802286274,0.6653113229257782,0.0,1.04,13.65
0.42,0.0,0.0,0.0,2064.019911614316,0.07350417573520542,-5.30983994842197,0.0,1.04,14.02
0.45,0.0,0.0,0.0,267.5195402870487,0.08256211429708155,0.6103338246230041,0.0,1.03,13.65
0.7,0.0,0.0,0.0,1205.7878901188772,0.07694464597338287,-5.557165931189172,0.0,1.03,15.58
0.44,0.0,0.0,0.0,282.3388967475529,0.08633157342152155,0.6512593887425417,0.0,1.05,13.83
0.42,0.0,0.0,0.0,1118.7769861603842,0.07876173373569702,-6.264225183549707,0.0,1.03,14.55
0.7,0.0,0.0,0.0,444.043187203737,0.07950274022639936,0.6100712950808593,0.0,1.1,15.25
0.43,0.0,0.0,0.0,1192.9778479635197,0.07990351834792472,-5.781105459554632,0.0,1.06,13.56
