calculate_maxmin_seconds,clustering_time_seconds,elapsed_time_seconds,create_histogram_seconds,MAPE,MSE,R2,testing_model_seconds,train_global_model_seconds,local_training_seconds
10.0,4.37,62.84,0.86,0.0,0.0,0.0,1.3,3.82,23.45
0.39,0.0,0.0,0.0,321.4117794546834,0.09381661999329706,0.6308420568371181,0.0,1.04,17.31
0.42,0.0,0.0,0.0,2449.5507751851706,0.08218275619681642,-6.656266949318253,0.0,1.04,18.7
0.42,0.0,0.0,0.0,416.82150927368946,0.08830755528442073,0.5876676178175642,0.0,1.04,15.19
0.43,0.0,0.0,0.0,896.5019327846875,0.0798980952321471,-5.838036970598363,0.0,1.06,17.15
0.43,0.0,0.0,0.0,562.4909248965122,0.09418192062319693,0.631369938521123,0.0,1.05,15.24
0.46,0.0,0.0,0.0,1909.9251889792356,0.07871565842952787,-6.265853438067521,0.0,1.02,15.39
0.43,0.0,0.0,0.0,438.7386529537881,0.0792638748136599,0.5844842912622881,0.0,1.11,15.21
0.42,0.0,0.0,0.0,1432.5940325162844,0.07868707115780411,-6.0576021826789965,0.0,1.14,17.33
