calculate_maxmin_seconds,clustering_time_seconds,elapsed_time_seconds,create_histogram_seconds,MAPE,MSE,R2,testing_model_seconds,train_global_model_seconds,local_training_seconds
5.92,4.31,74.05,0.96,0.0,0.0,0.0,4.46,5.14,25.44
0.49,0.0,0.0,0.0,1115.537382243942,0.5864504759471244,-3.5538311396441387,0.0,1.11,18.53
0.59,0.0,0.0,0.0,58120.929357020905,0.744681488454611,-66.08011236696444,0.0,1.09,18.86
0.92,0.0,0.0,0.0,2255.036816138895,0.5687954721153258,-3.453325175573646,0.0,1.83,17.22
0.5,0.0,0.0,0.0,4007.872965425745,0.7038133320470681,-60.715573875524406,0.0,1.13,18.92
0.5,0.0,0.0,0.0,1906.54628988975,0.5752666524078974,-3.5050479857329746,0.0,1.1,18.12
1.52,0.0,0.0,0.0,4473.714665780418,0.7255465321293081,-63.99243314516089,0.0,2.36,17.1
0.5,0.0,0.0,0.0,1045.5387485021824,0.5690022399763331,-3.4889533909891037,0.0,1.11,18.73
1.5,0.0,0.0,0.0,5558.280304649638,0.724416904926668,-63.04410209764826,0.0,2.4,20.7
