calculate_maxmin_seconds,clustering_time_seconds,elapsed_time_seconds,create_histogram_seconds,MAPE,MSE,R2,testing_model_seconds,train_global_model_seconds,local_training_seconds
8.28,5.74,127.31,2.38,0.0,0.0,0.0,10.18,8.97,25.81
0.43,0.0,0.0,0.0,912.5082444792944,0.5398358519177852,-3.25152989537418,0.0,1.7,20.14
0.9,0.0,0.0,0.0,4122.157011278011,0.7064555913347904,-62.61662383060645,0.0,1.93,19.67
0.42,0.0,0.0,0.0,788.7644694883076,0.5544376616614187,-3.2372140899273116,0.0,1.72,21.14
0.43,0.0,0.0,0.0,2.133512649108045e6,0.7168161848147461,-63.380388933859535,0.0,1.15,20.43
0.44,0.0,0.0,0.0,970.816346423442,0.5514737061607756,-3.166499342813096,0.0,2.03,15.15
0.42,0.0,0.0,0.0,4930.916028460896,0.6801939497334013,-59.88675597055767,0.0,1.1,14.74
0.43,0.0,0.0,0.0,958.8089737421328,0.5477331409197178,-3.2114264683178693,0.0,1.78,16.69
1.81,0.0,0.0,0.0,6434.50113613097,0.7028894791811124,-61.21407683212308,0.0,1.07,15.4
