calculate_maxmin_seconds,clustering_time_seconds,elapsed_time_seconds,create_histogram_seconds,MAPE,MSE,R2,testing_model_seconds,train_global_model_seconds,local_training_seconds
7.1,4.7,105.4,1.39,0.0,0.0,0.0,7.33,8.57,28.77
1.95,0.0,0.0,0.0,2484.4604697330433,0.17727884066677108,-15.696455868666966,0.0,1.09,19.33
0.44,0.0,0.0,0.0,2712.2447509194317,0.17742566624753658,-16.33585602215762,0.0,3.27,16.21
0.46,0.0,0.0,0.0,432.0924419900152,0.1507740204413416,0.6135866432993378,0.0,3.64,15.11
1.92,0.0,0.0,0.0,3244.5753740785285,0.17836063243890687,-15.291773361812972,0.0,1.11,19.62
0.61,0.0,0.0,0.0,2898.850880007657,0.18355564126908772,-16.09426179762818,0.0,1.08,15.73
0.63,0.0,0.0,0.0,2224.9463211259877,0.17756961159153062,-16.404510247566268,0.0,1.07,16.46
0.78,0.0,0.0,0.0,457.9049341979544,0.14853624967934026,0.5892162624412267,0.0,5.02,23.49
0.57,0.0,0.0,0.0,2160.178635582251,0.17622613509006466,-14.625975327544102,0.0,1.1,20.18
