calculate_maxmin_seconds,clustering_time_seconds,elapsed_time_seconds,create_histogram_seconds,MAPE,MSE,R2,testing_model_seconds,train_global_model_seconds,local_training_seconds
4.6,4.68,52.06,0.7,0.0,0.0,0.0,1.29,3.67,19.28
0.43,0.0,0.0,0.0,459.4482075678389,0.08846872780165427,0.6183692762320924,0.0,1.04,13.59
0.43,0.0,0.0,0.0,1195.050230866653,0.06682196471369233,-4.731200512069761,0.0,1.04,14.72
0.43,0.0,0.0,0.0,929.944534486726,0.08083118321293434,0.5735883050062834,0.0,1.04,13.68
0.43,0.0,0.0,0.0,4108.6066107509205,0.0673684988426228,-5.612228754509044,0.0,1.04,13.74
0.43,0.0,0.0,0.0,389.85626532038094,0.09018413315735084,0.6294894656131419,0.0,1.05,14.16
0.42,0.0,0.0,0.0,1217.6483534105205,0.06585901250629989,-5.029353025167426,0.0,1.03,13.48
0.42,0.0,0.0,0.0,433.4209259100627,0.08112749831449428,0.5294633284546388,0.0,1.04,13.44
0.42,0.0,0.0,0.0,1889.5327712552987,0.07372496463527288,-5.4774855187118225,0.0,1.04,13.27
