calculate_maxmin_seconds,clustering_time_seconds,elapsed_time_seconds,create_histogram_seconds,MAPE,MSE,R2,testing_model_seconds,train_global_model_seconds,local_training_seconds
6.21,4.65,102.53,1.12,0.0,0.0,0.0,3.43,5.35,25.77
0.57,0.0,0.0,0.0,2256.259840286201,0.5116591966928802,-2.818335452214819,0.0,1.15,14.8
1.05,0.0,0.0,0.0,9562.420443599884,0.6576742633940917,-56.55738852434007,0.0,1.11,15.53
1.48,0.0,0.0,0.0,1105.4112460065317,0.5127982530799354,-2.794861139583527,0.0,2.62,16.71
0.4,0.0,0.0,0.0,4328.48007311854,0.6561719131004997,-57.95252494887314,0.0,2.6,17.25
0.77,0.0,0.0,0.0,1173.5692960770525,0.5052246575128977,-2.8380139360321373,0.0,2.54,20.02
0.49,0.0,0.0,0.0,4963.926273834778,0.6413875669955271,-55.73133933291916,0.0,1.14,15.43
0.49,0.0,0.0,0.0,1670.336500570528,0.4971465071292579,-2.835773968012517,0.0,1.1,14.43
0.52,0.0,0.0,0.0,5774.501788173663,0.6416261648153648,-55.75145666564959,0.0,2.6,16.58
