calculate_maxmin_seconds,clustering_time_seconds,elapsed_time_seconds,create_histogram_seconds,MAPE,MSE,R2,testing_model_seconds,train_global_model_seconds,local_training_seconds
8.01,6.06,130.26,3.73,0.0,0.0,0.0,9.07,8.87,30.17
1.42,0.0,0.0,0.0,2476.549796592476,0.201839190434854,-18.424067161227065,0.0,3.01,22.36
0.42,0.0,0.0,0.0,2706.0625166699997,0.19628120159751136,-18.55891663461964,0.0,1.2,18.92
1.42,0.0,0.0,0.0,440.9468146816478,0.16802817206190196,0.5226140387690651,0.0,1.1,19.98
0.45,0.0,0.0,0.0,2306.6296843306845,0.19278334499318056,-16.273688210618257,0.0,1.16,19.45
0.89,0.0,0.0,0.0,4485.670579001621,0.20450929372792864,-18.152249565639977,0.0,5.62,22.7
0.4,0.0,0.0,0.0,4215.44177168349,0.20031092130225403,-18.87457997145799,0.0,1.11,17.96
2.0,0.0,0.0,0.0,820.8992590147652,0.16305445348554165,0.5281191966520138,0.0,4.1,21.95
0.43,0.0,0.0,0.0,10732.751727197045,0.1970933206069775,-16.443094520964372,0.0,1.19,23.82
