calculate_maxmin_seconds,clustering_time_seconds,elapsed_time_seconds,create_histogram_seconds,MAPE,MSE,R2,testing_model_seconds,train_global_model_seconds,local_training_seconds
8.02,4.59,127.56,3.67,0.0,0.0,0.0,12.57,16.76,35.57
0.42,0.0,0.0,0.0,1050.7574879608364,0.4481036963977809,-2.222555014937292,0.0,12.97,27.96
0.42,0.0,0.0,0.0,5126.89120058423,0.5869226061898533,-52.3716455189781,0.0,9.46,28.73
0.73,0.0,0.0,0.0,814.5537004979426,0.4671735949951686,-2.301484420355577,0.0,1.1,17.01
0.41,0.0,0.0,0.0,4868.2474880714735,0.5843673692690907,-50.4145628436866,0.0,1.11,17.41
0.43,0.0,0.0,0.0,977.1454853946436,0.4495757534846417,-2.315545896930074,0.0,13.0,29.29
0.43,0.0,0.0,0.0,5784.008935514144,0.5827719035347027,-50.59720361270763,0.0,1.13,30.09
0.63,0.0,0.0,0.0,829.2917789455638,0.4615308036227482,-2.2292508082801956,0.0,1.11,16.94
0.42,0.0,0.0,0.0,4430.001257871409,0.5931731193938448,-51.32856875312755,0.0,13.09,29.69
