calculate_maxmin_seconds,clustering_time_seconds,elapsed_time_seconds,create_histogram_seconds,MAPE,MSE,R2,testing_model_seconds,train_global_model_seconds,local_training_seconds
8.02,6.58,89.73,1.38,0.0,0.0,0.0,5.4,5.7,29.19
2.98,0.0,0.0,0.0,1053.321643495327,0.5255702967478187,-2.99969681132632,0.0,2.8,19.2
0.56,0.0,0.0,0.0,4864.889578678072,0.6739672234679607,-58.28780166920187,0.0,2.98,18.78
1.17,0.0,0.0,0.0,848.437293933192,0.5163407647297028,-2.8733288854356056,0.0,1.25,24.49
0.42,0.0,0.0,0.0,4744.973285913463,0.6602495473749342,-58.11037847315747,0.0,1.14,15.31
0.42,0.0,0.0,0.0,1124.6647315894647,0.5214088510161458,-2.9901401861488166,0.0,1.14,13.88
0.64,0.0,0.0,0.0,6524.452420706859,0.6657899578568791,-56.90763850981752,0.0,2.87,19.3
0.42,0.0,0.0,0.0,962.3810508032336,0.5231804823360469,-3.0000304291383815,0.0,1.19,14.73
2.85,0.0,0.0,0.0,8731.087533119235,0.6712055493901908,-57.922490447360246,0.0,2.81,18.5
