calculate_maxmin_seconds,clustering_time_seconds,elapsed_time_seconds,create_histogram_seconds,MAPE,MSE,R2,testing_model_seconds,train_global_model_seconds,local_training_seconds
4.75,4.85,50.94,0.69,0.0,0.0,0.0,1.64,3.71,19.5
0.42,0.0,0.0,0.0,3174.293508696679,0.16013571349313035,-14.19091860823946,0.0,1.1,14.79
0.43,0.0,0.0,0.0,3349.376674332105,0.1528736442756877,-14.03707148494981,0.0,1.09,14.5
0.44,0.0,0.0,0.0,454.0568466116301,0.13878375407365565,0.6712238472141026,0.0,1.11,14.11
0.44,0.0,0.0,0.0,2223.054845508349,0.15308725224692682,-12.940260041442624,0.0,1.1,14.19
0.42,0.0,0.0,0.0,2503.2347697489604,0.1599715803785905,-14.430276272022075,0.0,1.09,14.21
0.44,0.0,0.0,0.0,2748.883481050987,0.15454227397990744,-14.054230090937557,0.0,1.09,14.63
0.42,0.0,0.0,0.0,847.8445785424178,0.1385826746535969,0.6717096777935502,0.0,1.09,14.11
0.43,0.0,0.0,0.0,2303.6468409708787,0.15537306429413497,-13.146607174769471,0.0,1.11,14.38
