calculate_maxmin_seconds,clustering_time_seconds,elapsed_time_seconds,create_histogram_seconds,MAPE,MSE,R2,testing_model_seconds,train_global_model_seconds,local_training_seconds
14.05,4.79,137.42,1.15,0.0,0.0,0.0,4.95,7.78,32.88
0.43,0.0,0.0,0.0,2797.688358552525,0.1955510267032342,-17.52693343331434,0.0,1.18,16.68
0.39,0.0,0.0,0.0,3446.113132248363,0.19268997691815284,-18.100394104692427,0.0,3.37,26.35
0.46,0.0,0.0,0.0,642.394715117226,0.15617325198713106,0.5120538544059063,0.0,1.12,15.16
0.41,0.0,0.0,0.0,3769.667234264514,0.1923954583562752,-16.142670784067192,0.0,2.46,25.46
0.42,0.0,0.0,0.0,2590.3609519784113,0.18999761344541796,-16.75417114139056,0.0,1.14,19.26
1.06,0.0,0.0,0.0,2825.1077533183275,0.18807388965328967,-17.346915057308287,0.0,1.11,15.29
0.43,0.0,0.0,0.0,866.4633518764072,0.15491859032115018,0.5323611450108189,0.0,1.11,15.16
6.59,0.0,0.0,0.0,2230.903122595188,0.1906076918064716,-15.85120674589637,0.0,1.05,19.9
