calculate_maxmin_seconds,clustering_time_seconds,elapsed_time_seconds,create_histogram_seconds,MAPE,MSE,R2,testing_model_seconds,train_global_model_seconds,local_training_seconds
4.65,4.52,52.31,0.7,0.0,0.0,0.0,1.25,3.79,19.63
0.45,0.0,0.0,0.0,1709.8339724959485,0.042255566802745115,-3.131990742413161,0.0,1.07,14.77
0.43,0.0,0.0,0.0,2091.533974638422,0.07475232973550051,0.513854481339534,0.0,1.04,14.18
0.43,0.0,0.0,0.0,699.2858250650909,0.02908018795508377,-1.5338210014777136,0.0,1.04,15.04
0.43,0.0,0.0,0.0,2030.313678550105,0.04765555773571888,-3.250506960052853,0.0,1.03,13.31
0.44,0.0,0.0,0.0,325.76160265995486,0.0778422833866956,0.49156261114473687,0.0,1.04,13.35
0.42,0.0,0.0,0.0,794.2627483045655,0.043297697975975144,-3.0082727437183827,0.0,1.04,13.67
0.43,0.0,0.0,0.0,1122.6437514855356,0.030935704535759907,-1.905582083275424,0.0,1.1,14.09
0.42,0.0,0.0,0.0,483.3798443047778,0.07329622449680644,0.5700438626480758,0.0,1.03,13.52
