calculate_maxmin_seconds,clustering_time_seconds,elapsed_time_seconds,create_histogram_seconds,MAPE,MSE,R2,testing_model_seconds,train_global_model_seconds,local_training_seconds
4.7,4.7,51.81,0.7,0.0,0.0,0.0,1.59,3.73,20.09
0.43,0.0,0.0,0.0,3055.2050252286513,0.19501180310610425,-17.584096236435904,0.0,1.08,14.15
0.43,0.0,0.0,0.0,4251.598845138876,0.19264176820684217,-17.72647333188375,0.0,1.1,14.35
0.44,0.0,0.0,0.0,836.923629696397,0.16039610597805226,0.5433029700174541,0.0,1.1,14.48
0.43,0.0,0.0,0.0,2289.231348711693,0.19428317222466007,-16.39961817765781,0.0,1.17,15.43
0.43,0.0,0.0,0.0,3028.1697775233783,0.19553490030104753,-17.607974970619303,0.0,1.11,14.44
0.43,0.0,0.0,0.0,3097.999035515403,0.19478341930982776,-18.956071523932778,0.0,1.1,14.31
0.42,0.0,0.0,0.0,422.14568119313174,0.1571515955603054,0.5398259863867964,0.0,1.12,14.18
0.46,0.0,0.0,0.0,3497.580518080487,0.1926025674301877,-16.303936258872827,0.0,1.08,13.95
