calculate_maxmin_seconds,clustering_time_seconds,elapsed_time_seconds,create_histogram_seconds,MAPE,MSE,R2,testing_model_seconds,train_global_model_seconds,local_training_seconds
10.54,5.0,101.2,1.8,0.0,0.0,0.0,11.14,11.96,25.07
3.23,0.0,0.0,0.0,892.6385633658087,0.4584246694925889,-2.2882348509906114,0.0,4.5,19.82
0.42,0.0,0.0,0.0,4050.7586056507657,0.5587018416937438,-47.688857596749635,0.0,1.11,18.88
0.42,0.0,0.0,0.0,1047.0386771877268,0.45279168271307857,-2.158271804699766,0.0,1.11,20.02
0.42,0.0,0.0,0.0,4587.460187989253,0.586383274454731,-50.958432966316515,0.0,1.14,19.35
0.42,0.0,0.0,0.0,963.9445922899798,0.4345828511097139,-2.064842536713517,0.0,1.1,20.02
0.39,0.0,0.0,0.0,6777.919288309917,0.5838719264092881,-50.49975554684115,0.0,3.65,19.81
0.42,0.0,0.0,0.0,2791.0299942008983,0.4552529763607824,-2.264815641141418,0.0,1.11,19.54
0.42,0.0,0.0,0.0,4174.9154488100385,0.574312317451311,-49.93575266950536,0.0,5.55,19.38
