calculate_maxmin_seconds,clustering_time_seconds,elapsed_time_seconds,create_histogram_seconds,MAPE,MSE,R2,testing_model_seconds,train_global_model_seconds,local_training_seconds
4.73,4.75,52.6,0.69,0.0,0.0,0.0,1.6,5.42,19.52
0.42,0.0,0.0,0.0,2037.7202552760457,0.18075664226982416,-15.93463227683199,0.0,1.1,13.86
0.43,0.0,0.0,0.0,15839.940834005984,0.18056907685212137,-16.860369919415515,0.0,1.03,14.16
0.44,0.0,0.0,0.0,458.639199184896,0.1482967301654347,0.600917076202974,0.0,1.06,13.91
0.43,0.0,0.0,0.0,2740.398831707781,0.17947017810787091,-15.09872181915346,0.0,1.11,14.18
0.44,0.0,0.0,0.0,3742.3292721183825,0.18185988489821023,-16.152193751768028,0.0,1.05,13.82
0.43,0.0,0.0,0.0,7294.402521331337,0.18066637637745497,-16.90371106030089,0.0,1.12,14.17
0.42,0.0,0.0,0.0,445.593916325592,0.15061778372020312,0.5929350095816253,0.0,1.06,13.98
0.43,0.0,0.0,0.0,7723.97705001434,0.18254605015891776,-15.302650757734014,0.0,1.1,14.98
