calculate_maxmin_seconds,clustering_time_seconds,elapsed_time_seconds,create_histogram_seconds,MAPE,MSE,R2,testing_model_seconds,train_global_model_seconds,local_training_seconds
7.91,4.9,75.61,0.98,0.0,0.0,0.0,4.0,7.31,23.1
2.51,0.0,0.0,0.0,1609.796079614879,0.533145785339371,-3.202828650403476,0.0,1.09,16.36
1.66,0.0,0.0,0.0,5273.208127144232,0.6910587268700568,-59.616177425785544,0.0,1.07,16.78
0.44,0.0,0.0,0.0,1046.63967253978,0.5191035745265401,-2.9649410031120493,0.0,2.31,17.22
2.31,0.0,0.0,0.0,8689.973839229766,0.6930830587711544,-60.74292036062554,0.0,1.1,16.71
1.35,0.0,0.0,0.0,1140.4013206369934,0.5319738509015995,-3.1649032556372685,0.0,1.26,18.17
0.79,0.0,0.0,0.0,4157.89475179998,0.6851056019048989,-60.2476304442205,0.0,1.09,16.79
0.4,0.0,0.0,0.0,966.7377842175698,0.5456063419681009,-3.1291189580506957,0.0,1.16,16.88
0.92,0.0,0.0,0.0,4107.5557819947035,0.6763457876307456,-60.46779540903052,0.0,2.99,16.34
