calculate_maxmin_seconds,clustering_time_seconds,elapsed_time_seconds,create_histogram_seconds,MAPE,MSE,R2,testing_model_seconds,train_global_model_seconds,local_training_seconds
3.4,1.42,42.23,0.63,0.0,0.0,0.0,0.94,3.96,16.12
0.56,0.0,0.0,0.0,640.324728322142,0.022292886525477524,-1.22102029625162,0.0,1.53,13.32
0.56,0.0,0.0,0.0,222.71337972450235,0.07403360030759654,-0.08430812934505805,0.0,1.52,12.63
