calculate_maxmin_seconds,clustering_time_seconds,elapsed_time_seconds,create_histogram_seconds,MAPE,MSE,R2,testing_model_seconds,train_global_model_seconds,local_training_seconds
6.56,4.73,69.75,1.05,0.0,0.0,0.0,3.41,5.28,28.14
0.4,0.0,0.0,0.0,818.0895222794268,0.48188429578428155,-2.4355545310908617,0.0,1.35,21.6
0.42,0.0,0.0,0.0,7466.339583779079,0.6089669335908853,-52.66930701606151,0.0,2.05,16.96
1.32,0.0,0.0,0.0,1092.995018793441,0.47078554014189666,-2.305851907495086,0.0,2.52,19.47
0.53,0.0,0.0,0.0,13524.76479664184,0.6108573680317724,-53.725360445268954,0.0,1.09,13.78
0.42,0.0,0.0,0.0,1446.7313014232825,0.4792677722460423,-2.4627592506757683,0.0,1.65,13.89
0.43,0.0,0.0,0.0,3762.9384593019495,0.6029844332629791,-52.69763003957163,0.0,2.56,19.68
0.42,0.0,0.0,0.0,1054.5481875543264,0.46370124955045505,-2.4750420341726898,0.0,1.1,14.16
1.29,0.0,0.0,0.0,9340.06152181994,0.6010895701162561,-51.96737349226904,0.0,2.62,22.98
