calculate_maxmin_seconds,clustering_time_seconds,elapsed_time_seconds,create_histogram_seconds,MAPE,MSE,R2,testing_model_seconds,train_global_model_seconds,local_training_seconds
5.67,4.61,66.3,1.02,0.0,0.0,0.0,3.76,5.54,24.26
0.4,0.0,0.0,0.0,4490.279117573464,0.4862501295356826,-2.609080589234051,0.0,1.74,19.72
0.43,0.0,0.0,0.0,6818.126125254735,0.632072962591216,-55.99375348648831,0.0,2.38,18.52
0.65,0.0,0.0,0.0,900.601027069941,0.4862817472753867,-2.6921903189475835,0.0,1.32,17.57
0.42,0.0,0.0,0.0,8179.998794264205,0.6369882059597243,-55.14675183230179,0.0,1.12,17.6
0.42,0.0,0.0,0.0,1617.6049452645998,0.4772118141898918,-2.638314781216332,0.0,1.43,16.38
0.42,0.0,0.0,0.0,3939.019523529373,0.6204103827635452,-54.37564483443465,0.0,1.13,19.5
0.82,0.0,0.0,0.0,938.8929617142352,0.5016810832374619,-2.744792559404453,0.0,2.35,19.31
0.42,0.0,0.0,0.0,5610.090846498661,0.6403927930034117,-56.30404210304138,0.0,1.09,18.7
