calculate_maxmin_seconds,clustering_time_seconds,elapsed_time_seconds,create_histogram_seconds,MAPE,MSE,R2,testing_model_seconds,train_global_model_seconds,local_training_seconds
9.8,6.12,120.93,4.5,0.0,0.0,0.0,5.18,9.59,32.18
0.4,0.0,0.0,0.0,1022.3431164098868,0.5472381150584321,-3.2162781565017093,0.0,5.16,25.68
1.25,0.0,0.0,0.0,5955.902746984687,0.6761905595597166,-59.10837897754062,0.0,2.41,24.72
1.76,0.0,0.0,0.0,1161.7357487622096,0.5263717663980636,-3.1729834975046023,0.0,1.04,19.3
0.4,0.0,0.0,0.0,4858.60658552959,0.7300915844315551,-63.16465781152067,0.0,2.62,19.71
0.4,0.0,0.0,0.0,1334.7534094521934,0.5518030628888304,-3.3192339499046746,0.0,1.93,15.77
1.32,0.0,0.0,0.0,5421.964632793555,0.691614534775313,-60.1870212822405,0.0,1.02,20.31
0.41,0.0,0.0,0.0,1000.0554694282932,0.5451779867486267,-3.252504504173876,0.0,3.58,25.22
0.52,0.0,0.0,0.0,9159.487199543864,0.7071768846559238,-61.436767118210234,0.0,5.77,26.11
