calculate_maxmin_seconds,clustering_time_seconds,elapsed_time_seconds,create_histogram_seconds,MAPE,MSE,R2,testing_model_seconds,train_global_model_seconds,local_training_seconds
19.82,5.63,259.58,21.81,0.0,0.0,0.0,28.49,21.77,52.18
0.41,0.0,0.0,0.0,5557.510782532103,0.5021010230664783,-2.619887280809898,0.0,2.22,24.15
0.42,0.0,0.0,0.0,8123.850846564991,0.6315707821695407,-53.917492463114485,0.0,9.2,24.34
0.45,0.0,0.0,0.0,1156.5416250208727,0.47939918643010926,-2.508423066326168,0.0,2.05,39.23
0.46,0.0,0.0,0.0,4356.039409847356,0.6353485432111744,-55.065517213346176,0.0,4.34,31.41
0.48,0.0,0.0,0.0,807.1091983258069,0.48590626999422326,-2.60286928526657,0.0,8.85,38.5
0.57,0.0,0.0,0.0,4328.590138824702,0.6066671059729924,-52.396335616525185,0.0,3.8,25.79
0.4,0.0,0.0,0.0,706.0698810141785,0.4896225014800689,-2.659679814901713,0.0,8.48,47.57
0.46,0.0,0.0,0.0,7577.322906709661,0.6474906600649283,-56.53936798682996,0.0,3.72,29.35
