calculate_maxmin_seconds,clustering_time_seconds,elapsed_time_seconds,create_histogram_seconds,MAPE,MSE,R2,testing_model_seconds,train_global_model_seconds,local_training_seconds
4.6,4.37,52.19,0.69,0.0,0.0,0.0,1.28,3.74,19.78
0.42,0.0,0.0,0.0,547.4186733646371,0.08623794768981854,0.5902064131628864,0.0,1.03,14.14
0.44,0.0,0.0,0.0,994.6615137281708,0.06260852987969297,-4.583926425848647,0.0,1.02,13.52
0.44,0.0,0.0,0.0,358.6032457998904,0.07773435950742909,0.5523782768921832,0.0,1.04,15.1
0.44,0.0,0.0,0.0,1697.9868220518351,0.0601106366466753,-4.917466103933748,0.0,1.04,13.62
0.43,0.0,0.0,0.0,929.3521049821294,0.07950475475886537,0.5955893772865564,0.0,1.04,14.29
0.43,0.0,0.0,0.0,2977.0498265109377,0.06645004299876038,-5.056224888011897,0.0,1.05,13.46
0.43,0.0,0.0,0.0,773.1906598463121,0.08157589737827077,0.5827217276188867,0.0,1.04,13.63
0.42,0.0,0.0,0.0,2050.6157127023157,0.06807616359629005,-4.960500201379892,0.0,1.03,13.61
