calculate_maxmin_seconds,clustering_time_seconds,elapsed_time_seconds,create_histogram_seconds,MAPE,MSE,R2,testing_model_seconds,train_global_model_seconds,local_training_seconds
5.31,4.7,52.31,0.69,0.0,0.0,0.0,1.58,3.76,19.93
0.44,0.0,0.0,0.0,1054.405306714623,0.5201244161032011,-2.979947175583094,0.0,1.09,13.78
0.43,0.0,0.0,0.0,6833.0740845178325,0.6773339358785148,-59.55614808980667,0.0,1.1,14.86
0.44,0.0,0.0,0.0,987.1334032412356,0.5217205260585744,-2.9812196560048054,0.0,1.14,14.03
0.44,0.0,0.0,0.0,5161.727998181391,0.6806634602939652,-58.0196403170192,0.0,1.17,14.13
0.8,0.0,0.0,0.0,1080.3877017475572,0.5207969607508189,-3.0653489219120775,0.0,1.11,14.79
0.43,0.0,0.0,0.0,5482.881124242377,0.691896290461676,-60.30081330676007,0.0,1.16,14.81
0.8,0.0,0.0,0.0,1211.3507328815876,0.5381739581049915,-3.101362426820653,0.0,1.11,14.48
0.42,0.0,0.0,0.0,5481.187830255368,0.6755813161036135,-59.351493999903255,0.0,1.13,14.38
