calculate_maxmin_seconds,clustering_time_seconds,elapsed_time_seconds,create_histogram_seconds,MAPE,MSE,R2,testing_model_seconds,train_global_model_seconds,local_training_seconds
9.75,4.97,79.94,0.72,0.0,0.0,0.0,1.96,4.68,22.42
0.43,0.0,0.0,0.0,1310.7539095739944,0.5630087185057411,-3.4394376604408325,0.0,1.1,14.32
0.4,0.0,0.0,0.0,6025.351632164645,0.711754919768627,-62.70760468336744,0.0,1.11,14.31
0.4,0.0,0.0,0.0,1555.72315787277,0.5671198945371606,-3.522408065340638,0.0,2.04,17.38
0.42,0.0,0.0,0.0,5617.487924981075,0.7468272789172762,-65.20630543551852,0.0,1.1,13.93
1.21,0.0,0.0,0.0,2082.538244480461,0.5742497341383926,-3.4870231377296568,0.0,1.64,17.24
1.37,0.0,0.0,0.0,9014.543115235856,0.7280703239691734,-63.21879568085461,0.0,1.93,16.91
0.43,0.0,0.0,0.0,1628.367221131376,0.5544756315431124,-3.39451869633404,0.0,1.11,14.76
0.8,0.0,0.0,0.0,5445.458449886169,0.7239205593239413,-62.55360487803764,0.0,1.88,17.48
