calculate_maxmin_seconds,clustering_time_seconds,elapsed_time_seconds,create_histogram_seconds,MAPE,MSE,R2,testing_model_seconds,train_global_model_seconds,local_training_seconds
9.74,4.97,153.3,1.78,0.0,0.0,0.0,6.63,9.86,37.87
3.87,0.0,0.0,0.0,1632.433932755183,0.0458761525746224,-3.695728284337882,0.0,6.48,18.03
1.78,0.0,0.0,0.0,279.9702930835528,0.07821932995141362,0.5390040719081279,0.0,5.57,19.66
3.39,0.0,0.0,0.0,830.507369404068,0.02835723770572172,-1.6136476492187746,0.0,5.47,18.11
0.54,0.0,0.0,0.0,877.9476208972883,0.047099424590803206,-3.6693611213752018,0.0,6.48,20.15
0.83,0.0,0.0,0.0,316.2706678711541,0.076653586079551,0.550826943727726,0.0,1.16,25.58
0.81,0.0,0.0,0.0,1020.4056329306812,0.04466531142452173,-3.353966403015531,0.0,1.05,24.58
1.52,0.0,0.0,0.0,955.843589278129,0.030263389274733182,-1.9705357354480109,0.0,1.93,31.9
3.38,0.0,0.0,0.0,357.0515507796631,0.07767937120686084,0.5339169379489515,0.0,1.03,25.06
