calculate_maxmin_seconds,clustering_time_seconds,elapsed_time_seconds,create_histogram_seconds,MAPE,MSE,R2,testing_model_seconds,train_global_model_seconds,local_training_seconds
7.26,5.17,84.57,1.08,0.0,0.0,0.0,4.79,7.78,29.07
1.89,0.0,0.0,0.0,914.971976754392,0.4679576402259587,-2.367932763882064,0.0,3.24,23.69
0.42,0.0,0.0,0.0,10567.9620542275,0.6036989888769505,-52.06591149659112,0.0,1.14,16.87
1.96,0.0,0.0,0.0,729.0278777452717,0.46485127903221657,-2.331776322195062,0.0,1.12,21.12
0.48,0.0,0.0,0.0,6911.76481597966,0.6132099119632611,-54.66489388795747,0.0,1.09,21.51
0.84,0.0,0.0,0.0,1115.215978532288,0.4617674359086522,-2.400691959724133,0.0,1.09,16.55
1.86,0.0,0.0,0.0,5270.5343544712,0.6101454819742793,-53.556653730435755,0.0,1.12,21.44
0.42,0.0,0.0,0.0,1279.3805503640488,0.4610552601057975,-2.343011324127844,0.0,1.08,16.23
0.6,0.0,0.0,0.0,5695.6346154280045,0.5954435318212601,-51.017006208003906,0.0,1.07,16.96
