calculate_maxmin_seconds,clustering_time_seconds,elapsed_time_seconds,create_histogram_seconds,MAPE,MSE,R2,testing_model_seconds,train_global_model_seconds,local_training_seconds
7.5,4.51,137.9,1.01,0.0,0.0,0.0,16.31,5.32,28.99
0.4,0.0,0.0,0.0,2321.797031030046,0.1564274305640597,-13.55573061930538,0.0,1.09,21.41
0.64,0.0,0.0,0.0,2040.3284383497428,0.15373766383491477,-14.48017551231712,0.0,1.1,21.89
1.52,0.0,0.0,0.0,897.9419111606536,0.13759610113388684,0.6873268995718063,0.0,1.42,16.08
0.41,0.0,0.0,0.0,2281.5752598915046,0.1521400596337601,-12.442605973067147,0.0,2.43,17.95
1.52,0.0,0.0,0.0,2785.522148319598,0.15784343270787865,-13.757904811508388,0.0,1.86,17.32
0.53,0.0,0.0,0.0,2441.5423833802315,0.14977505476440892,-14.087691640461111,0.0,1.11,14.83
1.62,0.0,0.0,0.0,439.94829514593255,0.1382783485571837,0.6863858811266044,0.0,2.12,20.0
1.23,0.0,0.0,0.0,2434.767129504045,0.1585754956756939,-13.20007687168686,0.0,2.44,16.76
