calculate_maxmin_seconds,clustering_time_seconds,elapsed_time_seconds,create_histogram_seconds,MAPE,MSE,R2,testing_model_seconds,train_global_model_seconds,local_training_seconds
7.16,4.53,84.59,1.19,0.0,0.0,0.0,5.13,6.41,28.89
1.55,0.0,0.0,0.0,2135.1225603560274,0.1939587512889228,-17.677031699934176,0.0,3.35,20.11
1.19,0.0,0.0,0.0,3025.2800009918938,0.1894116532501433,-17.54909324568977,0.0,3.36,21.36
0.43,0.0,0.0,0.0,893.5153851587949,0.15978664605298143,0.5489705612606308,0.0,3.43,21.4
1.99,0.0,0.0,0.0,3050.0641970580455,0.1893382072956186,-16.17254348459805,0.0,1.75,17.62
0.42,0.0,0.0,0.0,2343.594305657564,0.19257972937092296,-17.28372584824178,0.0,1.86,19.26
0.43,0.0,0.0,0.0,11958.618264892904,0.19136354257467095,-17.97318611250682,0.0,1.77,18.7
0.42,0.0,0.0,0.0,1133.091335322434,0.15920532478195573,0.5453474155852762,0.0,1.84,17.93
0.42,0.0,0.0,0.0,179518.1139936793,0.19330499170951987,-16.117082066463663,0.0,3.35,23.28
