calculate_maxmin_seconds,clustering_time_seconds,elapsed_time_seconds,create_histogram_seconds,MAPE,MSE,R2,testing_model_seconds,train_global_model_seconds,local_training_seconds
4.73,4.5,54.4,1.04,0.0,0.0,0.0,1.3,3.67,21.39
0.45,0.0,0.0,0.0,276.3551052553146,0.08706520658556974,0.6084554415183583,0.0,1.09,13.99
0.44,0.0,0.0,0.0,1284.7080596955766,0.06669763369853504,-5.018507950728949,0.0,1.04,14.8
0.44,0.0,0.0,0.0,1022.664042863711,0.08492165660490084,0.5914476638574495,0.0,1.04,13.6
0.43,0.0,0.0,0.0,1293.833710791392,0.06887110597871086,-5.247637206732747,0.0,1.04,13.56
0.43,0.0,0.0,0.0,767.4049222841138,0.08756505447649034,0.6335720782023162,0.0,1.03,14.06
0.4,0.0,0.0,0.0,1446.555808515228,0.0676159038162039,-5.2648706809832975,0.0,1.03,14.46
0.41,0.0,0.0,0.0,678.0971081382529,0.08324203246910526,0.5836151681304924,0.0,1.02,13.22
0.43,0.0,0.0,0.0,1241.3968738614628,0.06654918402329789,-4.856492461229637,0.0,1.04,13.41
