calculate_maxmin_seconds,clustering_time_seconds,elapsed_time_seconds,create_histogram_seconds,MAPE,MSE,R2,testing_model_seconds,train_global_model_seconds,local_training_seconds
16.04,5.01,121.79,1.04,0.0,0.0,0.0,6.11,13.0,29.59
0.43,0.0,0.0,0.0,1124.1140051941788,0.04216636456596191,-3.110793708117778,0.0,1.04,23.0
0.43,0.0,0.0,0.0,319.66781171972764,0.07831120033945062,0.5344529266328572,0.0,1.06,22.73
0.41,0.0,0.0,0.0,924.3840745804848,0.027624346464588247,-1.225139628528762,0.0,1.03,13.84
0.43,0.0,0.0,0.0,771.9460881981546,0.045414633105725064,-3.108155393625582,0.0,0.95,14.17
8.24,0.0,0.0,0.0,395.76819679666573,0.07698939285582734,0.5224250787794409,0.0,1.02,18.73
0.46,0.0,0.0,0.0,24757.986577139407,0.04611352597263836,-3.2938204059872502,0.0,1.1,14.34
0.43,0.0,0.0,0.0,857.7937445214629,0.03072093587980878,-1.8883769262050016,0.0,1.03,21.79
0.41,0.0,0.0,0.0,292.0571927488542,0.07876353614904961,0.558640179835241,0.0,1.05,13.42
