calculate_maxmin_seconds,clustering_time_seconds,elapsed_time_seconds,create_histogram_seconds,MAPE,MSE,R2,testing_model_seconds,train_global_model_seconds,local_training_seconds
4.7,4.43,51.47,0.89,0.0,0.0,0.0,1.67,3.77,20.06
0.44,0.0,0.0,0.0,3063.3770364475195,0.19123834130026343,-17.183597233535682,0.0,1.11,14.17
0.43,0.0,0.0,0.0,6081.339296403987,0.19267931998786228,-18.226720902752973,0.0,1.1,14.49
0.46,0.0,0.0,0.0,564.5294863687129,0.1627100362085781,0.5296708072591866,0.0,1.16,14.35
0.43,0.0,0.0,0.0,2705.4610881135686,0.1967681159424444,-16.497420212085846,0.0,1.11,14.13
0.43,0.0,0.0,0.0,2970.980244866563,0.20324031882357343,-18.41796255646129,0.0,1.11,14.9
0.43,0.0,0.0,0.0,6566.307884766104,0.1966982297128251,-18.34412642878032,0.0,1.11,14.57
0.43,0.0,0.0,0.0,2685.4963615552215,0.16155997638212907,0.526028733790225,0.0,1.11,15.45
0.45,0.0,0.0,0.0,11922.224340188215,0.20004093581218524,-16.93091990685859,0.0,1.09,14.35
