calculate_maxmin_seconds,clustering_time_seconds,elapsed_time_seconds,create_histogram_seconds,MAPE,MSE,R2,testing_model_seconds,train_global_model_seconds,local_training_seconds
4.56,4.38,54.39,0.68,0.0,0.0,0.0,1.25,3.66,18.93
0.42,0.0,0.0,0.0,273.6117027258709,0.09193520897964584,0.6246660771228477,0.0,1.05,14.24
0.43,0.0,0.0,0.0,1571.343894651225,0.07321868704819574,-5.721521259838604,0.0,1.04,13.57
0.43,0.0,0.0,0.0,252.8749212569421,0.08212753729947841,0.5927697621735291,0.0,1.04,13.61
0.43,0.0,0.0,0.0,943.5603780253624,0.07619342752984797,-5.694293026810144,0.0,1.02,13.98
0.43,0.0,0.0,0.0,585.5462807085657,0.09348416490123664,0.6423842839867407,0.0,1.05,14.16
0.42,0.0,0.0,0.0,1163.4498335098292,0.06924988650791926,-4.8781871391490075,0.0,1.03,13.63
0.43,0.0,0.0,0.0,307.9589571289708,0.09094568348938208,0.5815224943246291,0.0,1.02,13.48
0.43,0.0,0.0,0.0,1413.8769350427103,0.07702403042509119,-5.736667136978818,0.0,1.03,13.96
