calculate_maxmin_seconds,clustering_time_seconds,elapsed_time_seconds,create_histogram_seconds,MAPE,MSE,R2,testing_model_seconds,train_global_model_seconds,local_training_seconds
8.15,4.82,126.19,1.31,0.0,0.0,0.0,11.93,5.27,34.79
2.71,0.0,0.0,0.0,9387.437614023338,0.187653384035354,-16.996580919480014,0.0,2.14,27.59
0.39,0.0,0.0,0.0,2724.2144959461175,0.1840339160232357,-17.428387074933582,0.0,1.11,20.39
1.0,0.0,0.0,0.0,815.1269259737646,0.15586353205270503,0.5717369524658296,0.0,2.51,29.23
0.83,0.0,0.0,0.0,3009.747253339252,0.1866981726881536,-15.65321861406473,0.0,1.21,27.2
0.42,0.0,0.0,0.0,2548.716956398648,0.1908660956136194,-17.442173400648738,0.0,1.1,15.06
0.82,0.0,0.0,0.0,2826.7381003956184,0.1829643371644286,-17.158650203642363,0.0,1.58,24.06
0.41,0.0,0.0,0.0,1060.330126301317,0.1575349610134367,0.584146746498045,0.0,1.1,19.32
0.82,0.0,0.0,0.0,2730.2108812952474,0.18589823185069249,-16.14644900120084,0.0,2.48,28.55
