calculate_maxmin_seconds,clustering_time_seconds,elapsed_time_seconds,create_histogram_seconds,MAPE,MSE,R2,testing_model_seconds,train_global_model_seconds,local_training_seconds
6.77,4.59,76.76,1.25,0.0,0.0,0.0,3.99,6.01,25.88
0.42,0.0,0.0,0.0,1712.828501205192,0.04572050845920651,-3.713144998885822,0.0,3.34,21.2
0.74,0.0,0.0,0.0,305.9287099468361,0.07960358995260441,0.5778407620484871,0.0,3.26,20.79
0.42,0.0,0.0,0.0,850.027499843568,0.028179846378066413,-1.6585409163620088,0.0,1.05,14.31
0.46,0.0,0.0,0.0,1093.8486725325124,0.045085578885879864,-3.07499766096205,0.0,1.09,14.91
0.43,0.0,0.0,0.0,380.83266158034746,0.07799825074639731,0.5117710596803685,0.0,1.04,14.56
0.42,0.0,0.0,0.0,1919.5388748687103,0.0475434001614046,-3.2980816040805134,0.0,1.04,14.21
0.73,0.0,0.0,0.0,973.6157425581976,0.03226380594810289,-2.2259839946905076,0.0,3.33,18.36
0.44,0.0,0.0,0.0,382.05394441870425,0.07649899923349489,0.5066174361926803,0.0,3.35,20.86
