calculate_maxmin_seconds,clustering_time_seconds,elapsed_time_seconds,create_histogram_seconds,MAPE,MSE,R2,testing_model_seconds,train_global_model_seconds,local_training_seconds
6.16,4.48,67.44,1.37,0.0,0.0,0.0,3.21,5.45,25.36
0.47,0.0,0.0,0.0,3601.5844277345855,0.16251303448784182,-14.439119504375292,0.0,1.25,14.66
0.55,0.0,0.0,0.0,2847.7947837570305,0.1615499508364604,-14.912149106071045,0.0,2.51,18.5
0.83,0.0,0.0,0.0,531.9837558904312,0.14368713995486584,0.6488166070383283,0.0,2.66,18.16
0.5,0.0,0.0,0.0,2888.9053329448293,0.1612071112991331,-13.079099560033994,0.0,1.19,14.29
0.51,0.0,0.0,0.0,2049.8100749794476,0.16836343474676804,-14.921956454798025,0.0,1.28,16.34
0.42,0.0,0.0,0.0,5448.790980773241,0.1639732646584096,-15.150797170187223,0.0,1.18,14.25
0.84,0.0,0.0,0.0,493.85094657665184,0.14023560337670035,0.6379984395744782,0.0,2.52,18.47
0.56,0.0,0.0,0.0,3257.4803641917933,0.1651374770815991,-13.56701637663872,0.0,2.6,20.68
