calculate_maxmin_seconds,clustering_time_seconds,elapsed_time_seconds,create_histogram_seconds,MAPE,MSE,R2,testing_model_seconds,train_global_model_seconds,local_training_seconds
8.11,4.82,120.66,0.98,0.0,0.0,0.0,6.63,12.1,32.15
0.98,0.0,0.0,0.0,1256.8766146416006,0.04366381632205184,-3.2209845735634426,0.0,1.05,13.46
0.39,0.0,0.0,0.0,515.8457839621177,0.07729028212266636,0.4959300800544856,0.0,1.05,14.06
0.46,0.0,0.0,0.0,648.5379608399259,0.027158719142351177,-1.287528487957602,0.0,1.05,24.61
0.42,0.0,0.0,0.0,1414.3889665913275,0.0465557206786639,-3.3590998070199527,0.0,2.37,22.58
0.54,0.0,0.0,0.0,282.5905004309501,0.07720119641226611,0.5337602828852548,0.0,7.09,26.5
0.45,0.0,0.0,0.0,2110.942471665671,0.04673234088255839,-3.00509314009624,0.0,1.05,14.72
0.43,0.0,0.0,0.0,1117.6553591779532,0.03220637283102236,-2.1481881066200543,0.0,1.05,27.33
0.39,0.0,0.0,0.0,213.35818024476353,0.07500849242162345,0.5959258843672477,0.0,7.46,26.42
