calculate_maxmin_seconds,clustering_time_seconds,elapsed_time_seconds,create_histogram_seconds,MAPE,MSE,R2,testing_model_seconds,train_global_model_seconds,local_training_seconds
6.14,4.59,61.12,0.7,0.0,0.0,0.0,2.1,3.83,23.73
0.42,0.0,0.0,0.0,2602.681912479665,0.16440331489587742,-14.645088751914916,0.0,1.1,13.75
0.4,0.0,0.0,0.0,3400.3436146815425,0.1645392509935106,-15.551695632675926,0.0,1.12,15.01
0.42,0.0,0.0,0.0,473.6780723292235,0.14033589433859317,0.6460315993086363,0.0,1.1,13.79
0.44,0.0,0.0,0.0,1915.5549600291984,0.16635755136755123,-14.057132717551449,0.0,1.09,16.77
0.43,0.0,0.0,0.0,3595.79969286701,0.16903489618501907,-14.893775415655842,0.0,1.1,15.15
0.43,0.0,0.0,0.0,2152.4104644853546,0.16277561473819466,-15.54028836833739,0.0,1.09,14.04
0.42,0.0,0.0,0.0,947.9573379961842,0.14686897515467096,0.6421605652765325,0.0,1.08,14.06
0.4,0.0,0.0,0.0,3090.9224668406614,0.16222972945552755,-13.615389289245815,0.0,1.18,17.03
