calculate_maxmin_seconds,clustering_time_seconds,elapsed_time_seconds,create_histogram_seconds,MAPE,MSE,R2,testing_model_seconds,train_global_model_seconds,local_training_seconds
10.56,4.73,70.77,0.71,0.0,0.0,0.0,3.45,5.19,23.59
0.43,0.0,0.0,0.0,1358.557312144021,0.4268975952646571,-1.913525792527284,0.0,1.09,14.12
0.42,0.0,0.0,0.0,3731.8877673835927,0.5548844116146877,-47.69672174122774,0.0,1.1,14.23
0.42,0.0,0.0,0.0,1348.8383816061644,0.428120656788421,-2.0363688501965367,0.0,1.57,16.62
1.72,0.0,0.0,0.0,4357.337601628545,0.5531344937788745,-47.819773277270514,0.0,2.04,17.36
0.43,0.0,0.0,0.0,2432.6217212761035,0.42126256012531826,-1.887857184946392,0.0,1.72,16.89
0.43,0.0,0.0,0.0,18822.105289750943,0.546003900478445,-48.15623553859064,0.0,1.12,14.24
0.42,0.0,0.0,0.0,1605.0408624997297,0.4204998301840577,-1.9960350675390823,0.0,1.71,16.57
0.42,0.0,0.0,0.0,8580.913012430787,0.5564705509811584,-48.02828272220782,0.0,1.11,14.27
