calculate_maxmin_seconds,clustering_time_seconds,elapsed_time_seconds,create_histogram_seconds,MAPE,MSE,R2,testing_model_seconds,train_global_model_seconds,local_training_seconds
4.62,4.58,50.5,0.69,0.0,0.0,0.0,1.61,3.91,19.14
0.43,0.0,0.0,0.0,4314.264516449986,0.19100968085342007,-17.1787995188751,0.0,1.11,14.36
0.42,0.0,0.0,0.0,3589.5803714107415,0.18662732154850056,-17.529785349457644,0.0,1.1,14.0
0.42,0.0,0.0,0.0,714.7863009219632,0.15662408809285283,0.5509735136222726,0.0,1.16,14.21
0.43,0.0,0.0,0.0,3297.3208620020146,0.1895501686671574,-16.043367522898603,0.0,1.15,14.28
0.42,0.0,0.0,0.0,2527.158317219097,0.1899755387929586,-16.844808403827777,0.0,1.08,13.68
0.42,0.0,0.0,0.0,3250.454722609345,0.18749841523772665,-17.484209516089276,0.0,1.11,14.62
0.46,0.0,0.0,0.0,960.0517901011368,0.15891328326534884,0.535339958054762,0.0,1.09,14.25
0.42,0.0,0.0,0.0,2099.616232841004,0.18573956018210383,-15.589637161349971,0.0,1.08,13.92
