calculate_maxmin_seconds,clustering_time_seconds,elapsed_time_seconds,create_histogram_seconds,MAPE,MSE,R2,testing_model_seconds,train_global_model_seconds,local_training_seconds
11.39,4.47,86.52,2.17,0.0,0.0,0.0,7.45,5.88,26.52
0.43,0.0,0.0,0.0,1227.8786044095332,0.04758343906198043,-3.39814899007526,0.0,1.04,14.0
0.42,0.0,0.0,0.0,1094.969582456231,0.07735722262403631,0.5379746434204103,0.0,1.04,14.04
0.4,0.0,0.0,0.0,935.2170079408316,0.029456938039174624,-1.7134945655748677,0.0,3.12,20.79
0.4,0.0,0.0,0.0,1040.390651448443,0.04447061339361068,-3.154588065251976,0.0,3.09,18.24
0.42,0.0,0.0,0.0,400.25870111356346,0.07920049311107773,0.5400675895802649,0.0,1.04,15.47
0.42,0.0,0.0,0.0,841.8639927026202,0.04667762501634261,-3.068763651349852,0.0,3.11,20.55
0.48,0.0,0.0,0.0,1016.7681413752408,0.033025167822401724,-2.1146293544553214,0.0,1.03,14.43
5.22,0.0,0.0,0.0,543.3182884482095,0.08644745070040585,0.5436299396499786,0.0,3.2,18.68
