calculate_maxmin_seconds,clustering_time_seconds,elapsed_time_seconds,create_histogram_seconds,MAPE,MSE,R2,testing_model_seconds,train_global_model_seconds,local_training_seconds
7.46,5.93,82.63,1.0,0.0,0.0,0.0,3.6,7.07,27.44
1.69,0.0,0.0,0.0,2337.6461033285887,0.17077653196604742,-14.93283212985285,0.0,3.81,17.85
0.51,0.0,0.0,0.0,2667.5014432779667,0.17237069306167652,-16.2208818748256,0.0,1.09,14.22
0.84,0.0,0.0,0.0,486.5172827695591,0.14163623773363695,0.6308502231317905,0.0,1.1,14.37
1.79,0.0,0.0,0.0,2806.2453495651403,0.17040108877300472,-14.044289209208143,0.0,3.81,18.52
1.08,0.0,0.0,0.0,2074.935775780902,0.16701970139181446,-14.88458289454985,0.0,3.82,21.43
1.26,0.0,0.0,0.0,3036.2302924577975,0.16853983990049745,-15.532924100729204,0.0,1.09,14.17
0.4,0.0,0.0,0.0,416.5876874914152,0.1421310030144102,0.6308201351197298,0.0,2.26,22.01
0.42,0.0,0.0,0.0,4430.778017895289,0.16763327847313206,-13.713894320244938,0.0,1.09,13.93
