calculate_maxmin_seconds,clustering_time_seconds,elapsed_time_seconds,create_histogram_seconds,MAPE,MSE,R2,testing_model_seconds,train_global_model_seconds,local_training_seconds
8.55,4.48,88.9,1.1,0.0,0.0,0.0,5.37,5.73,24.84
0.41,0.0,0.0,0.0,1180.4406283940996,0.5754035116311665,-3.553815385281588,0.0,1.1,14.75
0.43,0.0,0.0,0.0,5382.3339332415635,0.7230376205079602,-63.57092674509889,0.0,1.13,14.76
0.51,0.0,0.0,0.0,2191.722786488282,0.564066954271046,-3.5870960668618386,0.0,3.16,18.45
1.21,0.0,0.0,0.0,32076.955227778955,0.745492884262068,-64.65958616219824,0.0,3.15,17.09
1.55,0.0,0.0,0.0,1083.1033151753672,0.5649013170020731,-3.601304404198869,0.0,2.72,20.26
0.43,0.0,0.0,0.0,4729.916714676636,0.7169537432116049,-63.30234357772767,0.0,1.11,16.2
0.65,0.0,0.0,0.0,1396.426416278826,0.5846803892305786,-3.5483027040407107,0.0,1.11,16.39
0.68,0.0,0.0,0.0,4370.335901876554,0.7030885177167099,-60.51849928859333,0.0,3.15,16.99
