calculate_maxmin_seconds,clustering_time_seconds,elapsed_time_seconds,create_histogram_seconds,MAPE,MSE,R2,testing_model_seconds,train_global_model_seconds,local_training_seconds
4.56,4.47,51.32,0.69,0.0,0.0,0.0,1.3,3.77,18.81
0.42,0.0,0.0,0.0,1247.4066420862252,0.04275484921280984,-3.121967952753632,0.0,1.04,13.49
0.44,0.0,0.0,0.0,330.1143593541829,0.06775314186148919,0.5349059979428096,0.0,1.05,13.61
0.41,0.0,0.0,0.0,1035.5481429884665,0.02819879027692842,-1.3377262437369937,0.0,1.04,13.69
0.43,0.0,0.0,0.0,853.8573172483297,0.0459950958803076,-3.1433330273678735,0.0,1.1,14.14
0.44,0.0,0.0,0.0,275.34978490239854,0.07742782765451464,0.46512940261715185,0.0,1.04,13.82
0.43,0.0,0.0,0.0,785.850091257385,0.04248210535405523,-2.754656257833097,0.0,1.03,13.47
0.43,0.0,0.0,0.0,940.7752226022344,0.03087406554946857,-2.1193933083487053,0.0,1.04,13.52
0.43,0.0,0.0,0.0,231.59386202867287,0.08008710376293407,0.5101899249611972,0.0,1.05,14.01
