calculate_maxmin_seconds,clustering_time_seconds,elapsed_time_seconds,create_histogram_seconds,MAPE,MSE,R2,testing_model_seconds,train_global_model_seconds,local_training_seconds
8.63,4.8,136.74,1.09,0.0,0.0,0.0,3.57,6.13,27.63
0.42,0.0,0.0,0.0,2145.5504606713635,0.17320992760201684,-15.49039200138076,0.0,2.09,16.55
0.41,0.0,0.0,0.0,2205.169700231334,0.17119126734666745,-16.172494067811545,0.0,1.09,20.86
0.42,0.0,0.0,0.0,526.9889079736038,0.15074045851200202,0.5835616858329471,0.0,1.1,14.03
0.73,0.0,0.0,0.0,2560.897390446073,0.17190184037858988,-14.679313162211931,0.0,3.4,19.6
0.59,0.0,0.0,0.0,2044.7159921276289,0.17633946534927147,-15.675490161792624,0.0,3.4,19.68
0.43,0.0,0.0,0.0,10116.05565336645,0.17006080390871872,-15.835721737634262,0.0,1.1,20.98
1.54,0.0,0.0,0.0,439.43061114523766,0.14797251234870062,0.5919969992463168,0.0,3.59,19.53
0.55,0.0,0.0,0.0,7771.636472334174,0.177722634458316,-15.144879630929474,0.0,1.1,14.18
