calculate_maxmin_seconds,clustering_time_seconds,elapsed_time_seconds,create_histogram_seconds,MAPE,MSE,R2,testing_model_seconds,train_global_model_seconds,local_training_seconds
7.0,5.12,194.09,1.26,0.0,0.0,0.0,5.09,9.3,27.43
0.43,0.0,0.0,0.0,1216.9657541895656,0.5742542893575986,-3.648441240878908,0.0,1.14,16.11
0.42,0.0,0.0,0.0,5359.426587032805,0.7557100429782886,-66.05622828344119,0.0,6.06,21.5
0.56,0.0,0.0,0.0,1138.341459281569,0.5796285820642668,-3.7058423070033335,0.0,1.14,14.62
0.54,0.0,0.0,0.0,4788.201353336199,0.7585100405782517,-65.88540288546969,0.0,1.1,15.35
0.43,0.0,0.0,0.0,1073.268009167188,0.5838098310080615,-3.693076987182419,0.0,5.78,20.26
1.47,0.0,0.0,0.0,5908.763951962694,0.7416418242793039,-65.61162519240169,0.0,6.3,19.12
0.55,0.0,0.0,0.0,900.932543831438,0.5735298167663382,-3.63836534176189,0.0,1.09,15.75
0.43,0.0,0.0,0.0,4578.847056203281,0.74147419307632,-65.76334245605553,0.0,5.36,21.57
