calculate_maxmin_seconds,clustering_time_seconds,elapsed_time_seconds,create_histogram_seconds,MAPE,MSE,R2,testing_model_seconds,train_global_model_seconds,local_training_seconds
4.81,4.64,55.36,0.72,0.0,0.0,0.0,1.64,3.8,22.64
0.43,0.0,0.0,0.0,2737.427597082472,0.16033078420878266,-14.181293251714582,0.0,1.19,16.16
0.4,0.0,0.0,0.0,2489.8003003384392,0.15408426245622714,-14.234177492869966,0.0,1.17,14.78
0.43,0.0,0.0,0.0,438.8056942326986,0.13710869421071437,0.6840133466986494,0.0,1.1,15.65
0.54,0.0,0.0,0.0,2229.0039221034012,0.15905615069283977,-13.281619569914197,0.0,1.11,15.65
0.4,0.0,0.0,0.0,2196.2032083737963,0.16108573281717684,-14.110308992468108,0.0,1.17,16.35
0.56,0.0,0.0,0.0,2465.593385226684,0.1543791260804031,-14.64690734610664,0.0,1.1,16.65
0.43,0.0,0.0,0.0,374.8935974739014,0.137702361919923,0.6797120284843797,0.0,1.12,15.66
0.55,0.0,0.0,0.0,3075.9633329290596,0.14965613959207114,-12.802125711878448,0.0,1.17,14.06
