calculate_maxmin_seconds,clustering_time_seconds,elapsed_time_seconds,create_histogram_seconds,MAPE,MSE,R2,testing_model_seconds,train_global_model_seconds,local_training_seconds
4.57,4.47,52.4,0.68,0.0,0.0,0.0,1.28,3.71,19.04
0.42,0.0,0.0,0.0,495.2235739631869,0.09259555928588624,0.6233888762854306,0.0,1.03,13.38
0.43,0.0,0.0,0.0,1333.0013682056554,0.07348967054425602,-5.866120606169722,0.0,1.09,13.37
0.42,0.0,0.0,0.0,411.6765320910709,0.08599621223586658,0.6084901617612481,0.0,1.03,13.53
0.43,0.0,0.0,0.0,3256.288436162194,0.07249049529866862,-5.287748741948946,0.0,1.04,14.21
0.42,0.0,0.0,0.0,375.9079920340532,0.0893469714329663,0.629601378808188,0.0,1.02,13.9
0.43,0.0,0.0,0.0,1073.8292558921123,0.07202192180325967,-5.9384821799114205,0.0,1.04,13.87
0.43,0.0,0.0,0.0,1108.247356988626,0.0834742082929325,0.5829742641044569,0.0,1.05,14.12
0.43,0.0,0.0,0.0,1160.6718202004008,0.07134365675584294,-5.188343859720496,0.0,1.05,13.77
