calculate_maxmin_seconds,clustering_time_seconds,elapsed_time_seconds,create_histogram_seconds,MAPE,MSE,R2,testing_model_seconds,train_global_model_seconds,local_training_seconds
6.9,5.53,85.36,1.12,0.0,0.0,0.0,3.97,5.48,27.87
1.98,0.0,0.0,0.0,2167.6305196589274,0.17226081317707148,-15.226225563336024,0.0,2.66,17.63
0.62,0.0,0.0,0.0,2175.2180847846316,0.17204297348690847,-15.807315753287105,0.0,2.21,21.31
0.43,0.0,0.0,0.0,842.5727386406458,0.1457539119219659,0.6272053173044716,0.0,2.75,17.8
0.54,0.0,0.0,0.0,2967.5911556127276,0.17270569390211551,-14.281161406382417,0.0,2.66,18.5
0.73,0.0,0.0,0.0,2226.842518612559,0.1688171639431227,-14.79661162726942,0.0,1.16,15.42
0.42,0.0,0.0,0.0,2952.2899847347085,0.16856813192443632,-16.001939239618302,0.0,1.09,15.62
0.4,0.0,0.0,0.0,439.786306022303,0.14278248253782605,0.6321909688498764,0.0,1.11,15.53
0.54,0.0,0.0,0.0,5392.8966392102575,0.16723937603777386,-14.276287976644843,0.0,1.09,15.13
