calculate_maxmin_seconds,clustering_time_seconds,elapsed_time_seconds,create_histogram_seconds,MAPE,MSE,R2,testing_model_seconds,train_global_model_seconds,local_training_seconds
18.14,5.58,219.34,24.09,0.0,0.0,0.0,13.14,8.88,65.12
0.4,0.0,0.0,0.0,3022.1505642637285,0.18309748111579785,-16.150341835076834,0.0,1.98,16.0
0.4,0.0,0.0,0.0,2750.482444328921,0.18146341369983007,-17.34887278915679,0.0,1.91,14.48
4.05,0.0,0.0,0.0,454.27900067251346,0.15449728227605222,0.5876682036141253,0.0,1.93,17.03
0.4,0.0,0.0,0.0,2949.5870513774057,0.17967430621191907,-14.74047899439107,0.0,2.29,14.76
4.29,0.0,0.0,0.0,2682.3486125010313,0.1828007430983392,-16.23022345301076,0.0,6.21,59.19
0.4,0.0,0.0,0.0,2384.2776482179206,0.1788604872640012,-16.64350371313632,0.0,2.16,15.61
0.4,0.0,0.0,0.0,465.7148501549309,0.1497246239157831,0.5840562083354413,0.0,1.99,14.48
4.15,0.0,0.0,0.0,3565.575254763941,0.1825287947508581,-15.29260911901018,0.0,2.41,53.37
