calculate_maxmin_seconds,clustering_time_seconds,elapsed_time_seconds,create_histogram_seconds,MAPE,MSE,R2,testing_model_seconds,train_global_model_seconds,local_training_seconds
4.65,4.56,50.7,0.71,0.0,0.0,0.0,1.59,3.78,19.58
0.44,0.0,0.0,0.0,6208.090707602073,0.1826209901840883,-15.69943912992208,0.0,1.09,14.54
0.51,0.0,0.0,0.0,2650.7057096434314,0.17469430385841458,-16.175485576007283,0.0,1.09,14.81
0.42,0.0,0.0,0.0,466.1806009332532,0.14742794427373773,0.5799747348418534,0.0,1.11,14.39
0.41,0.0,0.0,0.0,1938.7641846451788,0.17506785179546416,-14.492929173836634,0.0,1.09,14.05
0.46,0.0,0.0,0.0,9875.067114342595,0.17613433882284596,-15.211128326490629,0.0,1.11,14.36
0.43,0.0,0.0,0.0,3923.4086249390166,0.1722090138580795,-16.24417878745693,0.0,1.15,14.91
0.51,0.0,0.0,0.0,539.4533957723121,0.14986399826074584,0.6122115630836874,0.0,1.1,14.8
0.43,0.0,0.0,0.0,3191.876706611117,0.178188268370388,-14.732476359648128,0.0,1.11,14.64
