calculate_maxmin_seconds,clustering_time_seconds,elapsed_time_seconds,create_histogram_seconds,MAPE,MSE,R2,testing_model_seconds,train_global_model_seconds,local_training_seconds
7.97,4.51,85.91,1.51,0.0,0.0,0.0,8.36,8.97,30.95
2.41,0.0,0.0,0.0,4355.594110039413,0.19226199090611684,-16.835105418069563,0.0,1.16,17.5
0.75,0.0,0.0,0.0,2839.0883425555166,0.18158443156148785,-16.87488195125411,0.0,1.09,18.11
0.81,0.0,0.0,0.0,407.7642789048153,0.15600828649849846,0.5821935419857194,0.0,3.07,19.66
1.67,0.0,0.0,0.0,2526.857169536216,0.18760606562127732,-15.734610715431456,0.0,1.1,18.59
0.97,0.0,0.0,0.0,4627.8442920855405,0.18626344603259593,-16.59471867472863,0.0,3.94,26.06
0.8,0.0,0.0,0.0,5409.680569503671,0.1838735582963585,-17.269620679809496,0.0,5.36,17.61
0.41,0.0,0.0,0.0,743.4309560401424,0.15559593097506574,0.5798180209983341,0.0,1.1,18.92
0.8,0.0,0.0,0.0,55637.869591343784,0.1897533992783047,-15.613933947231184,0.0,3.93,18.79
