calculate_maxmin_seconds,clustering_time_seconds,elapsed_time_seconds,create_histogram_seconds,MAPE,MSE,R2,testing_model_seconds,train_global_model_seconds,local_training_seconds
13.2,5.8,216.64,5.84,0.0,0.0,0.0,14.26,10.06,46.96
0.44,0.0,0.0,0.0,1626.2168288390765,0.5523934828578306,-3.44626298036175,0.0,6.52,38.39
0.39,0.0,0.0,0.0,9635.406390463091,0.7110693581462206,-60.525240183134514,0.0,1.02,19.37
0.43,0.0,0.0,0.0,964.3159899956194,0.546385099406567,-3.2367130933407564,0.0,5.77,16.19
0.41,0.0,0.0,0.0,119172.24714214324,0.7118611648219323,-62.71099326937894,0.0,1.05,18.99
3.49,0.0,0.0,0.0,1402.8372215398254,0.5482411499371587,-3.351553252950395,0.0,1.12,17.9
0.43,0.0,0.0,0.0,4622.814341311377,0.7104192258468568,-62.04691180590134,0.0,5.81,40.62
0.43,0.0,0.0,0.0,985.3271365916784,0.5627341423583485,-3.4344994412185423,0.0,3.05,16.75
0.43,0.0,0.0,0.0,4861.529593099224,0.7155736899015,-62.945550279459994,0.0,5.16,16.39
