calculate_maxmin_seconds,clustering_time_seconds,elapsed_time_seconds,create_histogram_seconds,MAPE,MSE,R2,testing_model_seconds,train_global_model_seconds,local_training_seconds
11.77,5.76,129.16,3.66,0.0,0.0,0.0,3.09,8.44,33.56
0.4,0.0,0.0,0.0,1297.9652403108423,0.614009294595458,-4.012237925381734,0.0,1.1,26.03
0.43,0.0,0.0,0.0,4767.488945086726,0.7951032392015329,-68.47977800636085,0.0,5.3,24.89
0.42,0.0,0.0,0.0,3484.286155142226,0.6151931294275419,-4.081714062259032,0.0,1.11,17.95
0.4,0.0,0.0,0.0,4820.9313359065245,0.7867557809612791,-66.68483950091256,0.0,5.69,24.19
0.41,0.0,0.0,0.0,1619.6091376720983,0.62125814246177,-4.136241069180005,0.0,5.46,24.93
0.43,0.0,0.0,0.0,6608.383718101979,0.798132499008888,-69.96841377961675,0.0,5.06,24.92
0.4,0.0,0.0,0.0,1013.9941500658172,0.6101306276408132,-4.021389299193854,0.0,1.1,23.04
1.07,0.0,0.0,0.0,5266.429267090954,0.7801580805463192,-67.53013257433109,0.0,1.14,27.8
