calculate_maxmin_seconds,clustering_time_seconds,elapsed_time_seconds,create_histogram_seconds,MAPE,MSE,R2,testing_model_seconds,train_global_model_seconds,local_training_seconds
4.65,4.58,50.86,0.7,0.0,0.0,0.0,1.57,3.81,19.56
0.42,0.0,0.0,0.0,978.9672411818684,0.6262864326478476,-4.1890525812645505,0.0,1.1,14.0
0.42,0.0,0.0,0.0,4959.292406919967,0.8087193186019833,-70.64782085815207,0.0,1.09,13.84
0.42,0.0,0.0,0.0,1111.7497676340745,0.6104531908522313,-3.9965769821796617,0.0,1.13,14.85
0.43,0.0,0.0,0.0,4430.363939512829,0.7884605703649274,-69.60952027669722,0.0,1.1,14.34
0.43,0.0,0.0,0.0,1609.6033077659893,0.6322110953452208,-4.173983135861751,0.0,1.08,13.91
0.44,0.0,0.0,0.0,4685.90887329126,0.7872038059263041,-68.7224452256094,0.0,1.09,14.16
0.43,0.0,0.0,0.0,1484.3054650354268,0.6225201282887676,-4.026888578378979,0.0,1.15,14.5
0.43,0.0,0.0,0.0,3765.1748217271193,0.8095042179932228,-70.72379184316569,0.0,1.12,14.69
