calculate_maxmin_seconds,clustering_time_seconds,elapsed_time_seconds,create_histogram_seconds,MAPE,MSE,R2,testing_model_seconds,train_global_model_seconds,local_training_seconds
6.37,4.76,67.3,0.97,0.0,0.0,0.0,3.42,6.03,23.99
0.42,0.0,0.0,0.0,2372.457018109905,0.04402046839679654,-3.2524229337243193,0.0,3.24,18.87
0.5,0.0,0.0,0.0,425.6683529116483,0.08626585266364031,0.5230661920012556,0.0,3.33,19.37
1.78,0.0,0.0,0.0,850.9771684255666,0.02997088542431986,-1.6638005143343235,0.0,1.01,15.96
0.92,0.0,0.0,0.0,1225.6539686833669,0.04710885992956142,-3.899382684623371,0.0,1.08,16.13
0.42,0.0,0.0,0.0,1165.0470378185369,0.07384659629978803,0.5488714072923837,0.0,3.25,19.28
0.45,0.0,0.0,0.0,1324.409183629623,0.04809589629808527,-3.101718867557392,0.0,3.26,17.68
0.7,0.0,0.0,0.0,763.3066680053479,0.03564429527279427,-2.3396573022813016,0.0,1.05,16.03
0.85,0.0,0.0,0.0,277.9658379296329,0.08357582378875769,0.5926825522826199,0.0,3.29,16.04
