calculate_maxmin_seconds,clustering_time_seconds,elapsed_time_seconds,create_histogram_seconds,MAPE,MSE,R2,testing_model_seconds,train_global_model_seconds,local_training_seconds
4.59,5.2,51.98,0.69,0.0,0.0,0.0,1.28,3.64,18.81
0.41,0.0,0.0,0.0,430.29373300261966,0.08220807818020501,0.6084427242810757,0.0,1.06,13.36
0.43,0.0,0.0,0.0,1146.7552038550214,0.06318308752348982,-4.722570953188512,0.0,1.04,13.5
0.43,0.0,0.0,0.0,429.64614207223633,0.07342836068458673,0.5826899817913569,0.0,1.03,13.61
0.45,0.0,0.0,0.0,1231.2980217977922,0.07257588998254977,-5.483970033652501,0.0,1.05,13.78
0.44,0.0,0.0,0.0,323.67576216438204,0.08733921916329254,0.5872536164692241,0.0,1.06,14.04
0.42,0.0,0.0,0.0,1295.090234848061,0.0667413699506704,-5.084037698861729,0.0,1.0,13.51
0.43,0.0,0.0,0.0,405.47395984200614,0.07628181285640184,0.5713266707564393,0.0,1.05,13.47
0.42,0.0,0.0,0.0,881.7073035560791,0.06992914823720019,-4.838162229435931,0.0,1.04,13.46
