calculate_maxmin_seconds,clustering_time_seconds,elapsed_time_seconds,create_histogram_seconds,MAPE,MSE,R2,testing_model_seconds,train_global_model_seconds,local_training_seconds
6.79,4.44,91.96,1.04,0.0,0.0,0.0,3.1,6.22,26.41
0.42,0.0,0.0,0.0,3245.877621838863,0.19241496818532197,-17.21177251642111,0.0,1.16,14.71
0.4,0.0,0.0,0.0,3536.937287565848,0.18786705194397377,-17.96605705375573,0.0,2.45,21.85
0.41,0.0,0.0,0.0,630.3732821715492,0.1547575453563464,0.5426593375026226,0.0,1.1,14.69
0.42,0.0,0.0,0.0,3508.736733530716,0.19222115088637423,-16.123808856798647,0.0,2.44,21.0
0.4,0.0,0.0,0.0,2601.581665693382,0.19386104426128845,-17.167971169252517,0.0,1.14,14.83
0.42,0.0,0.0,0.0,2492.9001576197247,0.1946934696859265,-18.161191800275542,0.0,1.09,18.09
0.4,0.0,0.0,0.0,618.3213314682562,0.15763791194337545,0.539955158774321,0.0,1.94,20.72
0.56,0.0,0.0,0.0,2463.151452033379,0.1872883816747471,-15.60033776967899,0.0,2.58,21.39
