calculate_maxmin_seconds,clustering_time_seconds,elapsed_time_seconds,create_histogram_seconds,MAPE,MSE,R2,testing_model_seconds,train_global_model_seconds,local_training_seconds
17.62,4.69,131.61,1.12,0.0,0.0,0.0,1.86,9.02,31.33
0.4,0.0,0.0,0.0,1096.049037682818,0.6008496502327486,-3.712481810840464,0.0,1.16,17.36
0.4,0.0,0.0,0.0,4591.690678090778,0.769183441453724,-67.71691911260811,0.0,1.35,26.13
0.88,0.0,0.0,0.0,1024.595321871193,0.6021876707088445,-3.82742397502481,0.0,1.1,14.26
0.42,0.0,0.0,0.0,5737.182950825535,0.7806648581712707,-67.96679404632992,0.0,1.09,14.13
0.42,0.0,0.0,0.0,1651.0485433299905,0.6049045582670054,-4.064552975966233,0.0,1.09,13.97
2.26,0.0,0.0,0.0,29799.593360307314,0.763331156186539,-66.2422493053407,0.0,3.74,24.95
0.77,0.0,0.0,0.0,1184.9687680954776,0.6026984355050524,-3.810344296030726,0.0,1.14,26.56
0.39,0.0,0.0,0.0,4790.209367372591,0.7569904286428827,-65.24082900574224,0.0,1.11,14.42
