calculate_maxmin_seconds,clustering_time_seconds,elapsed_time_seconds,create_histogram_seconds,MAPE,MSE,R2,testing_model_seconds,train_global_model_seconds,local_training_seconds
7.36,4.82,75.48,0.99,0.0,0.0,0.0,6.48,6.14,25.67
1.68,0.0,0.0,0.0,2004.5758422032263,0.4989595751441788,-2.6079936419238896,0.0,1.3,16.27
0.42,0.0,0.0,0.0,9118.448499079566,0.6177370181177645,-53.2477616643763,0.0,1.36,16.25
0.4,0.0,0.0,0.0,1051.7933361839484,0.4963586593081242,-2.6190028942573904,0.0,1.11,19.67
0.43,0.0,0.0,0.0,5659.644722463991,0.6244900443650163,-54.601243153359334,0.0,1.08,16.29
0.41,0.0,0.0,0.0,938.509331895398,0.4764797192376993,-2.45987038961703,0.0,1.16,19.31
1.24,0.0,0.0,0.0,5217.4079991970675,0.6219919154006549,-53.97790213697129,0.0,1.09,16.99
0.41,0.0,0.0,0.0,1472.958317764247,0.4838038124632953,-2.509332672121047,0.0,1.09,16.92
0.42,0.0,0.0,0.0,10115.162480238432,0.6106235704613483,-54.04948443950411,0.0,1.09,18.98
