calculate_maxmin_seconds,clustering_time_seconds,elapsed_time_seconds,create_histogram_seconds,MAPE,MSE,R2,testing_model_seconds,train_global_model_seconds,local_training_seconds
8.9,4.59,113.16,1.36,0.0,0.0,0.0,8.54,13.39,27.47
0.43,0.0,0.0,0.0,361.4810121943227,0.08720882878657325,0.6379288804918222,0.0,1.05,15.93
0.43,0.0,0.0,0.0,1477.6775576738596,0.06945579345285292,-5.3894680980082255,0.0,1.04,14.95
2.09,0.0,0.0,0.0,499.36162164891346,0.07907008370735505,0.5730485629857782,0.0,3.85,16.76
0.42,0.0,0.0,0.0,1489.692448115596,0.0705201246383288,-5.31574537448526,0.0,4.49,17.76
1.94,0.0,0.0,0.0,423.67993637795536,0.0873518358540835,0.6126840949256359,0.0,1.05,22.26
0.42,0.0,0.0,0.0,2473.6796118306165,0.06810895011789009,-4.854053232603059,0.0,4.44,17.7
0.42,0.0,0.0,0.0,398.6022453160531,0.08648602852545076,0.5846218659539142,0.0,1.05,19.05
0.45,0.0,0.0,0.0,1167.315275748985,0.07118956575903301,-4.911565930267511,0.0,2.09,18.88
