calculate_maxmin_seconds,clustering_time_seconds,elapsed_time_seconds,create_histogram_seconds,MAPE,MSE,R2,testing_model_seconds,train_global_model_seconds,local_training_seconds
4.54,4.46,50.76,0.68,0.0,0.0,0.0,1.24,3.63,18.81
0.42,0.0,0.0,0.0,857.4838844491477,0.04208256561820112,-2.9736146008613247,0.0,1.03,13.55
0.43,0.0,0.0,0.0,250.4308724485981,0.07988749793439272,0.4877741487788816,0.0,1.03,13.44
0.44,0.0,0.0,0.0,706.0151964647883,0.029125787247508993,-1.530848058250831,0.0,1.1,14.19
0.43,0.0,0.0,0.0,1145.173652871732,0.04319630290323046,-2.884253232994308,0.0,1.04,13.57
0.43,0.0,0.0,0.0,459.009013510754,0.07577684237142632,0.5183449427729335,0.0,1.04,13.88
0.43,0.0,0.0,0.0,986.219886932908,0.04410482634319346,-2.861030937178357,0.0,1.05,13.9
0.46,0.0,0.0,0.0,2577.551342537317,0.029720176626640626,-1.879314756517509,0.0,1.04,13.65
0.42,0.0,0.0,0.0,468.1626425308093,0.08075548011610151,0.5675810495749081,0.0,1.04,14.14
