calculate_maxmin_seconds,clustering_time_seconds,elapsed_time_seconds,create_histogram_seconds,MAPE,MSE,R2,testing_model_seconds,train_global_model_seconds,local_training_seconds
9.99,4.65,87.16,7.01,0.0,0.0,0.0,6.82,5.63,26.84
0.39,0.0,0.0,0.0,8369.26398704205,0.18625638156817168,-16.799801535424166,0.0,1.22,19.01
0.43,0.0,0.0,0.0,2530.340528648285,0.1802705947967194,-16.580935676222275,0.0,1.11,15.14
0.43,0.0,0.0,0.0,514.3774225229554,0.1536680071758027,0.590639496387393,0.0,2.72,22.02
0.42,0.0,0.0,0.0,2352.90481923313,0.1807812963711536,-15.1483261906831,0.0,2.79,22.13
0.43,0.0,0.0,0.0,2126.962915811194,0.1770715638324595,-15.590183726370856,0.0,2.76,22.06
0.56,0.0,0.0,0.0,3930.273721859582,0.17915638672577688,-16.8485841234032,0.0,1.11,15.45
0.52,0.0,0.0,0.0,30440.50254669144,0.14890186101925124,0.6060005766469823,0.0,1.19,17.02
3.44,0.0,0.0,0.0,6685.805305214335,0.178382282428497,-14.920937363950896,0.0,1.09,15.7
