calculate_maxmin_seconds,clustering_time_seconds,elapsed_time_seconds,create_histogram_seconds,MAPE,MSE,R2,testing_model_seconds,train_global_model_seconds,local_training_seconds
4.57,4.51,52.85,0.69,0.0,0.0,0.0,1.25,3.72,20.62
0.44,0.0,0.0,0.0,419.7829385876246,0.08920738871121692,0.6440103931715535,0.0,1.03,15.92
0.42,0.0,0.0,0.0,1003.1635096819753,0.07734433243448684,-5.788286271291324,0.0,1.03,15.25
0.43,0.0,0.0,0.0,1177.4700987973883,0.07993271533105188,0.5912262328209905,0.0,1.03,15.55
0.43,0.0,0.0,0.0,3562.5554147668895,0.07829514229172753,-5.680118304125337,0.0,1.03,15.26
0.42,0.0,0.0,0.0,449.27779267711105,0.0814191135498199,0.6053102974503233,0.0,1.09,15.52
0.43,0.0,0.0,0.0,1157.3701282088,0.07489144683356444,-5.2521928898516625,0.0,1.05,15.55
0.43,0.0,0.0,0.0,295.1025214748582,0.08229436599124652,0.5725047078855257,0.0,1.03,15.44
0.43,0.0,0.0,0.0,1925.4636185830304,0.0730707998269666,-5.299872228606808,0.0,1.03,15.67
