calculate_maxmin_seconds,clustering_time_seconds,elapsed_time_seconds,create_histogram_seconds,MAPE,MSE,R2,testing_model_seconds,train_global_model_seconds,local_training_seconds
8.59,5.38,108.69,1.34,0.0,0.0,0.0,12.61,6.51,33.86
0.83,0.0,0.0,0.0,536.2910382001052,0.08947464989925089,0.6347535324681493,0.0,3.09,17.54
1.02,0.0,0.0,0.0,1664.7421759075871,0.07281982157345035,-5.579433317204904,0.0,1.61,18.38
0.42,0.0,0.0,0.0,338.09952290849077,0.07942791813639972,0.590593792819038,0.0,3.06,29.13
0.91,0.0,0.0,0.0,3187.229210115006,0.07474941715853163,-5.569913462139129,0.0,3.06,20.15
2.07,0.0,0.0,0.0,377.19177644083305,0.08785684525400857,0.6327530484024115,0.0,3.05,22.03
0.88,0.0,0.0,0.0,2683.5501967483756,0.069958681830565,-5.343987685117325,0.0,1.05,19.22
0.81,0.0,0.0,0.0,271.6340555521613,0.0805838204628264,0.5985905989556272,0.0,1.05,18.59
0.98,0.0,0.0,0.0,1504.5940192701062,0.0700098319304358,-5.364554306306502,0.0,1.73,18.55
