calculate_maxmin_seconds,clustering_time_seconds,elapsed_time_seconds,create_histogram_seconds,MAPE,MSE,R2,testing_model_seconds,train_global_model_seconds,local_training_seconds
5.1,4.59,52.02,1.02,0.0,0.0,0.0,1.62,3.76,19.82
0.65,0.0,0.0,0.0,1238.845312392014,0.5559885939305071,-3.419586055303996,0.0,1.09,14.02
0.44,0.0,0.0,0.0,5607.2667506732505,0.715394120539614,-63.25339230340225,0.0,1.1,14.56
0.42,0.0,0.0,0.0,1937.1007972464383,0.5439460105452084,-3.2117665990575404,0.0,1.11,14.24
0.69,0.0,0.0,0.0,10535.611919763818,0.7290598863271301,-63.12881015461171,0.0,1.11,14.94
0.42,0.0,0.0,0.0,913.234997448182,0.5362125372099585,-3.2503379903697898,0.0,1.1,13.98
0.42,0.0,0.0,0.0,12911.055227559118,0.7249892724067865,-63.08700538721534,0.0,1.09,14.05
0.42,0.0,0.0,0.0,969.9955423254162,0.5511181874705428,-3.258458447267662,0.0,1.16,14.55
0.42,0.0,0.0,0.0,6103.5127149375885,0.6985639285284749,-61.62346804854001,0.0,1.08,13.99
