calculate_maxmin_seconds,clustering_time_seconds,elapsed_time_seconds,create_histogram_seconds,MAPE,MSE,R2,testing_model_seconds,train_global_model_seconds,local_training_seconds
5.79,4.51,63.05,1.01,0.0,0.0,0.0,3.25,4.72,24.41
1.47,0.0,0.0,0.0,4485.8282137004435,0.15980131278835452,-13.809808490843462,0.0,1.91,19.57
1.32,0.0,0.0,0.0,2426.750660934896,0.15462274130555964,-14.306213772002067,0.0,2.01,17.63
1.21,0.0,0.0,0.0,642.0771009389176,0.1361621012750275,0.6568898529263761,0.0,2.07,17.78
0.8,0.0,0.0,0.0,1739.3199818965652,0.1546964045905422,-12.639607463298352,0.0,1.09,14.39
0.8,0.0,0.0,0.0,3698.502845639592,0.16163690200741104,-14.22346743592887,0.0,1.1,13.85
0.58,0.0,0.0,0.0,2540.706687743581,0.15800672817104608,-14.39227477216196,0.0,1.8,17.63
0.8,0.0,0.0,0.0,695.3425275214404,0.13987509190729297,0.6655071005520492,0.0,1.12,14.13
0.8,0.0,0.0,0.0,2863.869336944,0.15992039395070695,-13.469600691349504,0.0,1.1,14.06
