calculate_maxmin_seconds,clustering_time_seconds,elapsed_time_seconds,create_histogram_seconds,MAPE,MSE,R2,testing_model_seconds,train_global_model_seconds,local_training_seconds
9.1,4.57,82.0,1.42,0.0,0.0,0.0,3.7,6.41,30.18
0.42,0.0,0.0,0.0,353.65000190190807,0.08497762179571955,0.6336374521896401,0.0,1.8,18.6
0.4,0.0,0.0,0.0,1028.565498357754,0.07058503260783129,-5.412572851759694,0.0,1.79,17.99
0.6,0.0,0.0,0.0,755.8442999521457,0.07712811054854607,0.6058915670922337,0.0,2.79,20.18
0.42,0.0,0.0,0.0,1859.2859453143144,0.07167222887171537,-5.256844129439131,0.0,3.46,25.4
2.0,0.0,0.0,0.0,296.25018179261724,0.0903947665353702,0.6588347377078141,0.0,3.46,20.75
2.09,0.0,0.0,0.0,1360.87267383737,0.07555671952907704,-5.259497463718653,0.0,2.55,20.58
0.53,0.0,0.0,0.0,613.3695274630418,0.08915290693184759,0.6180013508254776,0.0,2.69,21.13
1.93,0.0,0.0,0.0,3570.5219600448027,0.07938993639405757,-5.89701811512765,0.0,1.78,18.62
