calculate_maxmin_seconds,clustering_time_seconds,elapsed_time_seconds,create_histogram_seconds,MAPE,MSE,R2,testing_model_seconds,train_global_model_seconds,local_training_seconds
7.71,5.29,103.33,1.35,0.0,0.0,0.0,6.21,8.7,31.49
1.24,0.0,0.0,0.0,4286.185500417028,0.1745785696886033,-15.688689273023083,0.0,1.09,20.69
0.6,0.0,0.0,0.0,2182.8686107474164,0.17336366650602436,-15.978564128589998,0.0,1.09,20.71
1.1,0.0,0.0,0.0,630.9311256252186,0.147519467494582,0.6299821505922586,0.0,2.44,24.19
1.59,0.0,0.0,0.0,2562.5534167218507,0.17411172612623427,-14.239914354575369,0.0,3.23,23.27
0.43,0.0,0.0,0.0,2007.5110004095368,0.17688202179843415,-15.928092690441687,0.0,1.1,20.67
0.41,0.0,0.0,0.0,2389.2051041139916,0.17301029627394593,-16.262017714870776,0.0,5.44,17.56
0.41,0.0,0.0,0.0,546.0849197474136,0.15068365271386852,0.6158893577725273,0.0,2.82,17.99
0.42,0.0,0.0,0.0,1993.5795514713416,0.16954122228555035,-14.19251448327645,0.0,1.11,20.83
