calculate_maxmin_seconds,clustering_time_seconds,elapsed_time_seconds,create_histogram_seconds,MAPE,MSE,R2,testing_model_seconds,train_global_model_seconds,local_training_seconds
4.78,4.38,51.33,0.7,0.0,0.0,0.0,1.5,3.86,19.95
0.45,0.0,0.0,0.0,21826.74383587914,0.1762116890621909,-15.60117684188858,0.0,1.1,14.44
0.45,0.0,0.0,0.0,2754.386194999342,0.17149999188311454,-15.991596428669844,0.0,1.16,15.05
0.43,0.0,0.0,0.0,452.56159290167943,0.147874698345414,0.6188082711006633,0.0,1.09,13.88
0.42,0.0,0.0,0.0,3814.7542567925,0.16996795239919704,-14.494582623714829,0.0,1.08,14.08
0.44,0.0,0.0,0.0,2425.445584982,0.1699067451588487,-15.306547908512956,0.0,1.14,15.33
0.48,0.0,0.0,0.0,3430.427109533305,0.16755394229557163,-15.356274161274872,0.0,1.11,14.3
0.44,0.0,0.0,0.0,508.06739706830655,0.14462677593127107,0.6287894652291925,0.0,1.16,14.83
0.43,0.0,0.0,0.0,2762.0222820439176,0.17189900925050458,-14.363843962221132,0.0,1.09,14.53
