calculate_maxmin_seconds,clustering_time_seconds,elapsed_time_seconds,create_histogram_seconds,MAPE,MSE,R2,testing_model_seconds,train_global_model_seconds,local_training_seconds
10.24,4.41,110.39,1.28,0.0,0.0,0.0,5.46,5.22,31.25
0.42,0.0,0.0,0.0,1738.327113844023,0.566216133337708,-3.484292977868593,0.0,1.8,16.22
1.51,0.0,0.0,0.0,4200.400594842627,0.7375247366320826,-64.37333643891466,0.0,2.42,18.46
0.48,0.0,0.0,0.0,775.1466649115791,0.5655589079941999,-3.4985112599524166,0.0,2.41,17.8
0.83,0.0,0.0,0.0,5281.32911542247,0.7204749974747507,-62.68392083967825,0.0,2.49,18.51
0.39,0.0,0.0,0.0,1125.2217765244486,0.5742822543323989,-3.530227531365405,0.0,2.56,20.07
0.42,0.0,0.0,0.0,5520.328652090622,0.7140607099826735,-62.72174112587788,0.0,1.97,16.75
2.42,0.0,0.0,0.0,1285.040242819695,0.5787868310501579,-3.59050414538099,0.0,1.81,26.64
2.32,0.0,0.0,0.0,4265.4263814350725,0.754286065911982,-65.60979978060094,0.0,1.81,26.14
