calculate_maxmin_seconds,clustering_time_seconds,elapsed_time_seconds,create_histogram_seconds,MAPE,MSE,R2,testing_model_seconds,train_global_model_seconds,local_training_seconds
6.23,4.54,67.46,1.05,0.0,0.0,0.0,3.76,6.66,22.61
0.51,0.0,0.0,0.0,2502.150014475872,0.20515642411582025,-18.66612421380554,0.0,2.63,17.6
0.88,0.0,0.0,0.0,2455.648552675344,0.20590583017638628,-19.95463559513559,0.0,1.1,16.79
1.59,0.0,0.0,0.0,1474.8926315890633,0.16351466447279434,0.498861011950273,0.0,2.69,17.63
1.58,0.0,0.0,0.0,2087.8214347804615,0.20355104815998484,-17.19857816338257,0.0,2.67,17.92
1.58,0.0,0.0,0.0,2962.3663353760817,0.21014549215580372,-18.89060111842525,0.0,3.01,16.66
1.4,0.0,0.0,0.0,2936.875563707038,0.20252883370587416,-18.94724252677388,0.0,2.68,18.07
0.72,0.0,0.0,0.0,554.6139643844106,0.1633473946151793,0.49548037066316264,0.0,1.59,16.41
0.81,0.0,0.0,0.0,3795.4386498959047,0.2027175705975719,-16.86167798759546,0.0,1.12,16.44
