calculate_maxmin_seconds,clustering_time_seconds,elapsed_time_seconds,create_histogram_seconds,MAPE,MSE,R2,testing_model_seconds,train_global_model_seconds,local_training_seconds
6.13,4.56,68.67,1.03,0.0,0.0,0.0,3.57,6.03,25.8
1.4,0.0,0.0,0.0,487.8464779221137,0.09184416026792906,0.6390947022598894,0.0,3.03,18.37
0.86,0.0,0.0,0.0,974.278526755352,0.07661144720313189,-5.970100489131287,0.0,1.0,14.68
0.87,0.0,0.0,0.0,668.1363792904366,0.08287356906830537,0.5909349672997332,0.0,1.02,14.6
1.46,0.0,0.0,0.0,2526.003482889721,0.07595314770435724,-5.525166646439127,0.0,3.12,21.24
0.47,0.0,0.0,0.0,301.24887609926094,0.07800291470608435,0.6198388251190394,0.0,1.74,15.59
1.46,0.0,0.0,0.0,1883.5673359503976,0.07485982123567642,-5.401549673342592,0.0,2.21,19.25
0.87,0.0,0.0,0.0,619.374233254958,0.08193806919588163,0.6047681327257721,0.0,1.0,16.1
1.18,0.0,0.0,0.0,1133.290528854911,0.0706707744932991,-4.995478351098737,0.0,2.07,16.92
