calculate_maxmin_seconds,clustering_time_seconds,elapsed_time_seconds,create_histogram_seconds,MAPE,MSE,R2,testing_model_seconds,train_global_model_seconds,local_training_seconds
4.69,4.58,51.18,0.7,0.0,0.0,0.0,1.61,3.82,19.94
0.42,0.0,0.0,0.0,874.6906166694178,0.5324146047840568,-3.2022524825510157,0.0,1.09,14.03
0.43,0.0,0.0,0.0,5738.000986568373,0.6644294130805594,-58.30329305336365,0.0,1.13,14.34
0.43,0.0,0.0,0.0,1959.132490420475,0.5312141630769338,-3.0035018477539728,0.0,1.11,14.1
0.56,0.0,0.0,0.0,7158.3239519940635,0.6921590258207216,-59.10962821519749,0.0,1.12,14.59
0.43,0.0,0.0,0.0,1082.4512715548665,0.5202777147394865,-2.954527114234668,0.0,1.13,14.21
0.43,0.0,0.0,0.0,4489.732424533759,0.6840269433903006,-59.51183845109416,0.0,1.22,14.06
0.43,0.0,0.0,0.0,5450.617585074695,0.5236282172364445,-3.1093168105590587,0.0,1.09,14.27
0.42,0.0,0.0,0.0,5568.948706255672,0.6704018981745606,-58.85802162031469,0.0,1.15,15.35
