calculate_maxmin_seconds,clustering_time_seconds,elapsed_time_seconds,create_histogram_seconds,MAPE,MSE,R2,testing_model_seconds,train_global_model_seconds,local_training_seconds
8.72,4.8,82.74,1.0,0.0,0.0,0.0,5.09,10.31,25.3
0.55,0.0,0.0,0.0,2858.95405606758,0.17806202779934108,-15.74717860247252,0.0,5.94,17.31
0.58,0.0,0.0,0.0,2492.145610373904,0.18067971976968408,-17.024584379860823,0.0,1.08,20.15
1.21,0.0,0.0,0.0,1483.5285630050266,0.1483032574987153,0.5767561569706781,0.0,1.1,19.23
0.57,0.0,0.0,0.0,2288.4712781620133,0.17695332301195013,-14.926141211458775,0.0,1.15,18.79
0.43,0.0,0.0,0.0,22750.684109932725,0.1875349378422883,-16.870761953597807,0.0,4.38,16.13
0.43,0.0,0.0,0.0,2624.4435585192846,0.18040947368396568,-16.884497567607013,0.0,4.43,15.23
0.44,0.0,0.0,0.0,568.2294195577764,0.15134956453002169,0.5899489499719337,0.0,1.28,17.24
0.43,0.0,0.0,0.0,2699.5061579851013,0.1778234689377278,-14.896658937135683,0.0,4.35,17.39
