calculate_maxmin_seconds,clustering_time_seconds,elapsed_time_seconds,create_histogram_seconds,MAPE,MSE,R2,testing_model_seconds,train_global_model_seconds,local_training_seconds
6.15,5.2,80.85,0.89,0.0,0.0,0.0,3.4,8.39,33.63
0.41,0.0,0.0,0.0,927.4634982474925,0.5724844323748266,-3.5285757547087915,0.0,1.55,17.71
0.41,0.0,0.0,0.0,4399.568084301058,0.7331820808396866,-63.05709855004805,0.0,5.06,28.64
0.43,0.0,0.0,0.0,1169.7290527254686,0.5695580436535906,-3.5103666057183363,0.0,1.53,17.64
0.42,0.0,0.0,0.0,4610.653349086207,0.7023877541273339,-59.36546545425426,0.0,5.06,27.17
0.43,0.0,0.0,0.0,20350.963713702673,0.5514209923455552,-3.3280260585841672,0.0,1.55,18.64
0.47,0.0,0.0,0.0,5193.419540747673,0.7388341623554129,-64.33409519117227,0.0,5.15,27.87
0.55,0.0,0.0,0.0,1235.1933807500195,0.5736522424349317,-3.4396278363975386,0.0,1.13,20.41
0.4,0.0,0.0,0.0,5187.240826646891,0.7108270304339025,-62.21454863429649,0.0,1.87,21.6
