calculate_maxmin_seconds,clustering_time_seconds,elapsed_time_seconds,create_histogram_seconds,MAPE,MSE,R2,testing_model_seconds,train_global_model_seconds,local_training_seconds
7.22,4.61,80.51,0.96,0.0,0.0,0.0,4.55,6.83,32.76
0.58,0.0,0.0,0.0,473.31413950100654,0.09130834457537508,0.6088054671294082,0.0,1.03,17.37
0.9,0.0,0.0,0.0,1328.379111061967,0.07930728931908036,-5.800386010967919,0.0,1.03,20.61
0.9,0.0,0.0,0.0,552.2680190596861,0.08031715474918685,0.6224167562435627,0.0,1.09,28.05
1.24,0.0,0.0,0.0,16847.674979120697,0.08529763559846472,-6.772726195562525,0.0,1.03,19.08
2.04,0.0,0.0,0.0,717.8788799473023,0.08267609193315135,0.6135009818533652,0.0,1.09,16.18
0.89,0.0,0.0,0.0,1542.2902917915349,0.07888621540080248,-5.667479391890358,0.0,1.04,20.46
1.21,0.0,0.0,0.0,526.0818968581724,0.08168241750302267,0.5963557976720912,0.0,1.03,20.02
0.98,0.0,0.0,0.0,1210.8669434750516,0.07678076475330542,-5.376429716356243,0.0,1.12,16.71
