calculate_maxmin_seconds,clustering_time_seconds,elapsed_time_seconds,create_histogram_seconds,MAPE,MSE,R2,testing_model_seconds,train_global_model_seconds,local_training_seconds
13.37,4.57,145.1,1.54,0.0,0.0,0.0,1.62,8.84,28.69
1.68,0.0,0.0,0.0,1008.8112467186384,0.5252063905258638,-3.023690674535655,0.0,1.12,17.02
3.85,0.0,0.0,0.0,4933.246823360554,0.6597231201137439,-56.58587971799824,0.0,1.11,22.36
0.9,0.0,0.0,0.0,830.9526285839796,0.5135507101376291,-3.0320697556002276,0.0,1.32,23.98
0.42,0.0,0.0,0.0,4496.041412148738,0.6607019704626856,-58.27209122937108,0.0,1.08,22.5
0.43,0.0,0.0,0.0,797.9471830102883,0.5140305498614983,-3.001845518839154,0.0,1.4,17.23
3.34,0.0,0.0,0.0,116465.28810618522,0.6726466655852161,-58.895657235776575,0.0,1.16,23.25
0.42,0.0,0.0,0.0,1334.518917891715,0.5146361903857588,-2.897528158722376,0.0,1.03,18.75
3.33,0.0,0.0,0.0,3575.0528781399858,0.6874142024440817,-59.22299106022353,0.0,1.11,17.43
