calculate_maxmin_seconds,clustering_time_seconds,elapsed_time_seconds,create_histogram_seconds,MAPE,MSE,R2,testing_model_seconds,train_global_model_seconds,local_training_seconds
4.93,4.56,58.41,0.7,0.0,0.0,0.0,1.61,3.79,22.38
0.41,0.0,0.0,0.0,1647.1686104536093,0.5970993208353135,-3.862309921259502,0.0,1.09,13.89
0.42,0.0,0.0,0.0,7200.417900906376,0.7517403419406967,-64.9454651517093,0.0,1.1,14.18
0.43,0.0,0.0,0.0,1155.641951413792,0.585459898668828,-3.824168256802829,0.0,1.07,13.67
0.51,0.0,0.0,0.0,4472.997500138748,0.7520824289234863,-65.34429939055376,0.0,1.13,14.5
0.43,0.0,0.0,0.0,858.0694975351257,0.5980901567489068,-3.8414249873659223,0.0,1.09,13.71
0.41,0.0,0.0,0.0,5097.959604495705,0.7485121181739394,-65.34073153298073,0.0,1.13,13.95
0.65,0.0,0.0,0.0,1336.8778678972546,0.5842285731378896,-3.6881957562414063,0.0,1.12,14.98
0.42,0.0,0.0,0.0,5665.338904407593,0.7649115046469341,-66.29577067236139,0.0,1.17,14.33
