calculate_maxmin_seconds,clustering_time_seconds,elapsed_time_seconds,create_histogram_seconds,MAPE,MSE,R2,testing_model_seconds,train_global_model_seconds,local_training_seconds
6.07,4.48,65.35,1.05,0.0,0.0,0.0,3.36,5.21,24.02
0.85,0.0,0.0,0.0,982.284407090144,0.5376542804838786,-3.1298281423546177,0.0,1.1,15.66
0.68,0.0,0.0,0.0,3555.971876426457,0.680946704828979,-59.74164185871665,0.0,2.39,16.16
0.6,0.0,0.0,0.0,1636.8680811914935,0.541577193191435,-3.1802844089540887,0.0,1.43,15.11
0.75,0.0,0.0,0.0,20939.458690080253,0.7222592573684681,-62.97470363767159,0.0,2.4,17.67
1.32,0.0,0.0,0.0,771.1097008555528,0.5411127626698721,-3.2863794098618175,0.0,2.39,19.17
0.84,0.0,0.0,0.0,5691.225137567784,0.682422234263171,-59.11508873858459,0.0,2.19,14.98
1.6,0.0,0.0,0.0,880.5588871202025,0.5304336053272488,-3.159199072646895,0.0,1.08,15.28
0.6,0.0,0.0,0.0,12489.932390310512,0.6855279169760442,-59.294460914438254,0.0,2.39,15.3
