calculate_maxmin_seconds,clustering_time_seconds,elapsed_time_seconds,create_histogram_seconds,MAPE,MSE,R2,testing_model_seconds,train_global_model_seconds,local_training_seconds
4.59,4.57,57.38,0.68,0.0,0.0,0.0,1.26,3.74,24.23
0.4,0.0,0.0,0.0,466.0027673880105,0.08581498117640515,0.580522593887352,0.0,1.04,14.0
0.44,0.0,0.0,0.0,1097.755434128884,0.06458002296101785,-4.913929627333058,0.0,1.04,13.67
0.43,0.0,0.0,0.0,242.608138344702,0.0814498497091259,0.546419144447976,0.0,1.05,13.25
0.43,0.0,0.0,0.0,10121.71010565942,0.06060108245499464,-4.07726441582642,0.0,1.1,17.44
0.44,0.0,0.0,0.0,796.970932061421,0.0895526557926408,0.6006239171005482,0.0,1.03,13.88
0.44,0.0,0.0,0.0,1258.9393960728926,0.06207346152216244,-4.259255041633607,0.0,1.05,13.81
0.46,0.0,0.0,0.0,265.6834449721423,0.08584291392530759,0.549876390267088,0.0,1.04,14.39
0.44,0.0,0.0,0.0,1635.365305363387,0.057458892884952685,-4.385719924006949,0.0,1.03,17.67
