calculate_maxmin_seconds,clustering_time_seconds,elapsed_time_seconds,create_histogram_seconds,MAPE,MSE,R2,testing_model_seconds,train_global_model_seconds,local_training_seconds
9.94,9.83,122.59,2.13,0.0,0.0,0.0,5.84,14.33,27.41
0.42,0.0,0.0,0.0,1047.5337499030036,0.526050522631241,-3.165023836362087,0.0,1.09,15.37
3.26,0.0,0.0,0.0,5748.842403127431,0.6877907399391063,-59.13333207890996,0.0,1.07,15.95
0.4,0.0,0.0,0.0,1130.5917406798235,0.5395064982202917,-3.0761715769903644,0.0,1.02,15.67
0.41,0.0,0.0,0.0,6556.447136118249,0.692454343040013,-58.89437698257755,0.0,1.11,20.3
0.75,0.0,0.0,0.0,964.2920877281324,0.5370720815242226,-3.2859896160946978,0.0,1.09,22.85
0.43,0.0,0.0,0.0,5912.357865277582,0.6959324589047979,-59.96557147098599,0.0,1.09,16.16
3.41,0.0,0.0,0.0,1061.4323896274743,0.5334264380935111,-3.2274812646595716,0.0,1.11,20.64
0.83,0.0,0.0,0.0,6261.838341451789,0.7067138553787298,-61.25632490305151,0.0,1.1,21.79
