calculate_maxmin_seconds,clustering_time_seconds,elapsed_time_seconds,create_histogram_seconds,MAPE,MSE,R2,testing_model_seconds,train_global_model_seconds,local_training_seconds
7.92,4.54,74.61,0.95,0.0,0.0,0.0,4.24,8.89,26.25
0.47,0.0,0.0,0.0,304.5964867027932,0.08951111435695791,0.6422421868050107,0.0,1.06,13.64
0.44,0.0,0.0,0.0,1230.1394249816387,0.06587755563251696,-4.697890317662535,0.0,5.8,19.22
0.39,0.0,0.0,0.0,339.2721664183747,0.07777581296682626,0.5355276877714823,0.0,5.74,19.22
2.48,0.0,0.0,0.0,1931.8357874427168,0.06739452134972272,-4.781376153705029,0.0,5.29,18.72
0.66,0.0,0.0,0.0,551.3390484974794,0.08674837827128438,0.6038124230646117,0.0,1.09,13.88
0.9,0.0,0.0,0.0,1416.9704080554434,0.06013465294597192,-4.715909923679333,0.0,5.64,21.56
0.41,0.0,0.0,0.0,394.2073114311049,0.08106143967907334,0.5362951066190489,0.0,1.06,13.32
0.99,0.0,0.0,0.0,1223.0005012509826,0.06580079211307845,-4.31200201828587,0.0,1.08,13.54
