calculate_maxmin_seconds,clustering_time_seconds,elapsed_time_seconds,create_histogram_seconds,MAPE,MSE,R2,testing_model_seconds,train_global_model_seconds,local_training_seconds
4.81,4.9,51.8,0.7,0.0,0.0,0.0,1.64,4.11,20.07
0.46,0.0,0.0,0.0,1279.9667467379804,0.555601891222978,-3.294611081607216,0.0,1.25,14.54
0.41,0.0,0.0,0.0,5029.657489947755,0.6907108507760755,-59.267773818985994,0.0,1.12,14.34
0.44,0.0,0.0,0.0,2361.596204266458,0.5287948505623887,-3.164835647462457,0.0,1.08,13.98
0.44,0.0,0.0,0.0,5389.533747555632,0.7200168102926894,-62.302933710001,0.0,1.08,13.67
0.45,0.0,0.0,0.0,1005.5612843496052,0.5325107397423028,-3.0856880129431214,0.0,1.08,14.01
0.43,0.0,0.0,0.0,7734.0077690015805,0.6848636283740644,-58.55902578327851,0.0,1.12,14.71
0.45,0.0,0.0,0.0,1240.4261946424594,0.5399153379882523,-3.242624005527671,0.0,1.1,14.44
0.42,0.0,0.0,0.0,5718.776524135555,0.7252068935016284,-63.125805683742186,0.0,1.12,15.17
