calculate_maxmin_seconds,clustering_time_seconds,elapsed_time_seconds,create_histogram_seconds,MAPE,MSE,R2,testing_model_seconds,train_global_model_seconds,local_training_seconds
5.3,4.43,58.99,0.89,0.0,0.0,0.0,2.52,4.67,22.38
0.44,0.0,0.0,0.0,442.713960242995,0.08095902094963732,0.6236465450661743,0.0,1.03,13.57
0.72,0.0,0.0,0.0,1593.5184828631052,0.0687505333296486,-5.069441462946654,0.0,1.41,16.65
0.43,0.0,0.0,0.0,402.1588809212994,0.08124873649291485,0.5905596319613624,0.0,1.87,17.72
0.53,0.0,0.0,0.0,1290.244836794363,0.07017431881637731,-5.591858015762266,0.0,1.89,17.14
0.72,0.0,0.0,0.0,304.2797171375059,0.08414737485871518,0.6431726578340977,0.0,1.04,15.92
0.4,0.0,0.0,0.0,3090.771120999536,0.07068787374072821,-5.228323430352255,0.0,1.87,16.1
0.39,0.0,0.0,0.0,691.7899435890872,0.08212467203252166,0.5827182548916274,0.0,1.84,16.52
0.44,0.0,0.0,0.0,1475.3900196538789,0.07338431047197712,-5.760615262342433,0.0,1.03,15.72
