calculate_maxmin_seconds,clustering_time_seconds,elapsed_time_seconds,create_histogram_seconds,MAPE,MSE,R2,testing_model_seconds,train_global_model_seconds,local_training_seconds
8.3,4.27,80.01,1.32,0.0,0.0,0.0,5.42,6.01,27.24
0.46,0.0,0.0,0.0,835.1795702179377,0.6248997028978248,-4.153393925770345,0.0,2.44,22.27
3.09,0.0,0.0,0.0,9551.395840749688,0.7789944569997516,-67.73150965345673,0.0,1.65,20.9
0.46,0.0,0.0,0.0,1034.11964287905,0.612855171683827,-3.904040061647878,0.0,1.67,20.7
2.95,0.0,0.0,0.0,5781.719231230325,0.7612584340048905,-65.26949885707994,0.0,3.4,16.98
2.85,0.0,0.0,0.0,1272.9324071622143,0.6106748723768359,-4.024272671796123,0.0,3.42,17.16
2.98,0.0,0.0,0.0,5178.632117370098,0.7776484715772884,-67.46326748101951,0.0,3.41,17.27
2.52,0.0,0.0,0.0,1326.4525248033306,0.6040033340804627,-3.9340251273248623,0.0,3.4,16.76
0.46,0.0,0.0,0.0,4740.371463029418,0.7848197672817612,-68.09061513539415,0.0,1.61,19.63
