calculate_maxmin_seconds,clustering_time_seconds,elapsed_time_seconds,create_histogram_seconds,MAPE,MSE,R2,testing_model_seconds,train_global_model_seconds,local_training_seconds
6.24,4.42,145.29,0.71,0.0,0.0,0.0,1.67,6.19,70.27
0.42,0.0,0.0,0.0,3219.945027301216,0.19771401777305392,-17.801821494731247,0.0,1.16,65.0
0.42,0.0,0.0,0.0,3307.2411955148455,0.19274208106373275,-18.14194752495215,0.0,1.6,58.49
0.42,0.0,0.0,0.0,795.0915687270974,0.15426401669943013,0.5143586450395844,0.0,1.16,61.35
0.58,0.0,0.0,0.0,4480.2438127502355,0.19341946467848023,-16.612573546093394,0.0,1.57,64.41
0.49,0.0,0.0,0.0,3577.1662330116505,0.19718919144320635,-17.608956154495413,0.0,1.15,59.22
0.43,0.0,0.0,0.0,2696.510650623852,0.191129128212284,-18.2430400675822,0.0,1.58,58.25
0.43,0.0,0.0,0.0,667.0555660934059,0.15806017885768728,0.5162936495933361,0.0,1.58,59.01
1.12,0.0,0.0,0.0,2535.722573105148,0.19131688517870532,-16.176301840198967,0.0,1.12,65.62
