calculate_maxmin_seconds,clustering_time_seconds,elapsed_time_seconds,create_histogram_seconds,MAPE,MSE,R2,testing_model_seconds,train_global_model_seconds,local_training_seconds
12.95,4.76,224.05,5.56,0.0,0.0,0.0,14.57,9.5,60.2
3.17,0.0,0.0,0.0,2558.949385208736,0.15788922614546771,-13.991385663457118,0.0,2.54,15.97
0.43,0.0,0.0,0.0,3645.451233037094,0.15979824352068178,-14.805478619531469,0.0,1.41,54.51
0.42,0.0,0.0,0.0,440.20648044255887,0.14016374924253103,0.6754752222235711,0.0,2.92,51.16
2.71,0.0,0.0,0.0,2412.208620569172,0.15774650359753212,-13.210569874734034,0.0,3.43,16.97
0.44,0.0,0.0,0.0,3223.8991008987773,0.16378170153923535,-14.483199711954809,0.0,2.9,41.12
3.95,0.0,0.0,0.0,2510.750174847899,0.15671454201874888,-14.704182983869645,0.0,3.27,16.17
0.6,0.0,0.0,0.0,874.2179234179679,0.1418453971242144,0.6701246094959504,0.0,1.33,52.2
0.63,0.0,0.0,0.0,1929.774511641507,0.15559731764631887,-13.073474339677563,0.0,1.18,53.26
