calculate_maxmin_seconds,clustering_time_seconds,elapsed_time_seconds,create_histogram_seconds,MAPE,MSE,R2,testing_model_seconds,train_global_model_seconds,local_training_seconds
9.02,4.81,116.83,3.1,0.0,0.0,0.0,7.62,9.17,32.04
0.42,0.0,0.0,0.0,12748.289847582142,0.1796852089243523,-15.96729417097342,0.0,1.43,23.37
1.02,0.0,0.0,0.0,2451.9477228946566,0.1737081628154606,-15.963643264060304,0.0,1.68,19.74
0.81,0.0,0.0,0.0,701.3238916250192,0.15065124930811014,0.5835183144983193,0.0,3.84,21.28
1.58,0.0,0.0,0.0,3814.5707303410168,0.18067578575180931,-14.803358472413006,0.0,1.71,27.38
0.44,0.0,0.0,0.0,4087.829708342634,0.18326687162120897,-16.7070077646114,0.0,3.73,21.07
0.45,0.0,0.0,0.0,2378.0115760574017,0.17875237989498738,-16.769468516657287,0.0,5.81,22.23
2.18,0.0,0.0,0.0,552.9245817420222,0.1489457539088304,0.5856441427671126,0.0,1.66,19.02
0.44,0.0,0.0,0.0,3144.668010789213,0.18068430343544245,-15.146568555293236,0.0,2.39,26.37
