calculate_maxmin_seconds,clustering_time_seconds,elapsed_time_seconds,create_histogram_seconds,MAPE,MSE,R2,testing_model_seconds,train_global_model_seconds,local_training_seconds
7.25,4.7,54.13,0.7,0.0,0.0,0.0,1.79,3.79,19.62
0.4,0.0,0.0,0.0,2182.7656009397947,0.5553825638506734,-3.1896318340850023,0.0,1.09,14.08
0.4,0.0,0.0,0.0,4094.7427327372575,0.6892684279240813,-59.00696205225515,0.0,1.1,14.25
1.23,0.0,0.0,0.0,950.4759035210104,0.5511981275306908,-3.280868419396201,0.0,1.1,14.41
2.92,0.0,0.0,0.0,6424.474679009255,0.686765204795049,-60.26292034095004,0.0,1.09,14.33
0.45,0.0,0.0,0.0,1685.695275524414,0.5489594002725378,-3.1266791402430156,0.0,1.1,14.13
2.32,0.0,0.0,0.0,4209.498243162986,0.6769986438820935,-58.666637408662424,0.0,1.1,14.82
0.43,0.0,0.0,0.0,899.7497037878082,0.5464459302609814,-3.1709637476358674,0.0,1.09,14.8
0.43,0.0,0.0,0.0,7966.558204358133,0.6803812093343498,-59.854528822849375,0.0,1.11,14.76
