calculate_maxmin_seconds,clustering_time_seconds,elapsed_time_seconds,create_histogram_seconds,MAPE,MSE,R2,testing_model_seconds,train_global_model_seconds,local_training_seconds
9.03,5.0,166.91,4.0,0.0,0.0,0.0,7.9,5.76,35.71
0.43,0.0,0.0,0.0,953.8626110391324,0.5195878047135871,-3.0168387521918767,0.0,2.04,22.78
2.91,0.0,0.0,0.0,4524.244254493075,0.6605343142391692,-58.000188779695605,0.0,1.92,18.03
2.1,0.0,0.0,0.0,1000.8219827612544,0.5170735942325214,-3.074927552883598,0.0,1.93,30.1
1.0,0.0,0.0,0.0,3917.8364760985673,0.679160823665172,-59.70003662934613,0.0,1.79,17.51
1.24,0.0,0.0,0.0,978.496959437912,0.5299542737887467,-3.066187120895762,0.0,2.06,18.02
0.43,0.0,0.0,0.0,6750.247001611331,0.6821103191551028,-59.308469673087345,0.0,1.87,21.61
0.4,0.0,0.0,0.0,2591.9564481143348,0.5190395043664152,-2.9590195797472454,0.0,2.02,21.13
0.44,0.0,0.0,0.0,4053.4986491217646,0.6676319901326845,-56.97745070430145,0.0,2.45,24.79
