calculate_maxmin_seconds,clustering_time_seconds,elapsed_time_seconds,create_histogram_seconds,MAPE,MSE,R2,testing_model_seconds,train_global_model_seconds,local_training_seconds
6.41,4.64,59.27,0.74,0.0,0.0,0.0,1.56,6.05,21.33
0.41,0.0,0.0,0.0,561.0214359557754,0.09199494335780192,0.644804841573025,0.0,1.38,16.78
0.42,0.0,0.0,0.0,990.5035443516598,0.07538589860259956,-5.428080087162249,0.0,1.36,16.63
0.45,0.0,0.0,0.0,843.325126976506,0.08175119380042611,0.617203905574923,0.0,3.32,15.33
0.42,0.0,0.0,0.0,1634.7756928798876,0.07523441612259431,-5.571892110257557,0.0,3.25,13.8
0.54,0.0,0.0,0.0,468.36216028526616,0.08370784965966761,0.6260377791941454,0.0,1.73,16.18
0.46,0.0,0.0,0.0,2307.5068144104944,0.07301921124303283,-4.9906576691879545,0.0,1.84,15.8
0.42,0.0,0.0,0.0,295.8444979840612,0.07799465279388532,0.6010280489330763,0.0,3.25,13.76
0.42,0.0,0.0,0.0,2267.248461451582,0.0722960027925722,-5.48716127173497,0.0,3.33,15.54
