calculate_maxmin_seconds,clustering_time_seconds,elapsed_time_seconds,create_histogram_seconds,MAPE,MSE,R2,testing_model_seconds,train_global_model_seconds,local_training_seconds
7.7,4.56,133.08,1.04,0.0,0.0,0.0,4.69,6.31,26.51
0.39,0.0,0.0,0.0,839.490971491325,0.04816142590987716,-4.118171745010274,0.0,1.0,16.08
0.41,0.0,0.0,0.0,377.379537907281,0.08195839327624903,0.5699465562232829,0.0,1.68,16.88
0.4,0.0,0.0,0.0,813.8391347478707,0.029533527776428432,-1.6093315299781867,0.0,1.7,15.94
0.49,0.0,0.0,0.0,1319.7019595503878,0.04664836048675479,-3.5734123711100425,0.0,3.08,19.96
0.52,0.0,0.0,0.0,450.4577568497074,0.07665018555881749,0.5554065821972796,0.0,1.92,21.94
0.43,0.0,0.0,0.0,2210.9699011231132,0.0492768546740542,-3.2218987260154126,0.0,2.42,17.77
0.46,0.0,0.0,0.0,745.6127492084048,0.034850512095923714,-2.5820224404344065,0.0,3.27,19.48
0.42,0.0,0.0,0.0,434.7970203705483,0.07453725369961764,0.5863818125280166,0.0,1.07,16.38
