calculate_maxmin_seconds,clustering_time_seconds,elapsed_time_seconds,create_histogram_seconds,MAPE,MSE,R2,testing_model_seconds,train_global_model_seconds,local_training_seconds
4.55,4.56,51.35,0.7,0.0,0.0,0.0,1.31,3.71,18.87
0.42,0.0,0.0,0.0,327.63704095899254,0.08875335487209243,0.6591058537052655,0.0,1.03,13.29
0.44,0.0,0.0,0.0,6041.019716162598,0.06999721927610036,-5.282162658605756,0.0,1.04,14.17
0.43,0.0,0.0,0.0,748.6550886245358,0.08289274339745294,0.5944280943882077,0.0,1.04,14.15
0.42,0.0,0.0,0.0,2300.956879646136,0.07444820768437387,-5.640783392471919,0.0,1.02,13.35
0.43,0.0,0.0,0.0,387.92773695124066,0.08489484270436468,0.6330843659457859,0.0,1.08,14.04
0.42,0.0,0.0,0.0,4126.6091344370825,0.07514864773010965,-6.047711654961166,0.0,1.04,13.47
0.44,0.0,0.0,0.0,603.4497664509437,0.08192527274708122,0.6002395830015204,0.0,1.04,13.74
0.46,0.0,0.0,0.0,1086.7451325458692,0.07237902390169079,-5.546991893644289,0.0,1.03,13.6
