calculate_maxmin_seconds,clustering_time_seconds,elapsed_time_seconds,create_histogram_seconds,MAPE,MSE,R2,testing_model_seconds,train_global_model_seconds,local_training_seconds
9.18,5.4,103.09,1.86,0.0,0.0,0.0,6.87,10.99,32.42
0.42,0.0,0.0,0.0,831.0370263837493,0.04720375385210034,-3.522027262894248,0.0,1.04,14.82
2.43,0.0,0.0,0.0,242.98328961351348,0.07624338886582792,0.5239622714112002,0.0,1.02,20.73
4.14,0.0,0.0,0.0,670.3072050276562,0.03169892467156576,-1.537351148691299,0.0,2.93,24.76
0.4,0.0,0.0,0.0,829.2551846320571,0.051010929532239305,-3.424094668041767,0.0,3.33,23.57
0.43,0.0,0.0,0.0,215.15502037442516,0.08177611387409986,0.5161328046894882,0.0,1.39,24.84
0.43,0.0,0.0,0.0,948.2760067676712,0.046661738525841774,-3.016028653144356,0.0,1.04,20.57
0.43,0.0,0.0,0.0,912.0354842804652,0.03159087208670847,-1.939552511380258,0.0,1.04,18.56
3.7,0.0,0.0,0.0,401.64892280795215,0.07825002883649763,0.5837151177482947,0.0,6.46,27.78
