calculate_maxmin_seconds,clustering_time_seconds,elapsed_time_seconds,create_histogram_seconds,MAPE,MSE,R2,testing_model_seconds,train_global_model_seconds,local_training_seconds
7.06,4.81,128.37,1.1,0.0,0.0,0.0,3.41,8.29,27.69
0.44,0.0,0.0,0.0,3718.870078794923,0.1785842986521112,-15.926442267850906,0.0,3.48,19.39
0.43,0.0,0.0,0.0,2279.5486063061194,0.17105460575028528,-15.851911292425466,0.0,1.24,18.68
0.43,0.0,0.0,0.0,959.9981236370502,0.14915023011238146,0.6073261921909496,0.0,1.77,18.73
0.53,0.0,0.0,0.0,5040.133708900678,0.18146845599488493,-15.136028312583347,0.0,1.38,18.06
0.43,0.0,0.0,0.0,2860.3400348996133,0.17635322072573056,-15.623145889558067,0.0,1.78,19.87
0.8,0.0,0.0,0.0,3248.2608994302645,0.1760813393939868,-16.256352890688024,0.0,1.26,22.8
0.42,0.0,0.0,0.0,1059.0655328302958,0.1484637949523883,0.5974762903622463,0.0,1.65,14.9
1.55,0.0,0.0,0.0,2059.034859154988,0.1762708734690268,-14.525106079722718,0.0,2.58,19.23
