calculate_maxmin_seconds,clustering_time_seconds,elapsed_time_seconds,create_histogram_seconds,MAPE,MSE,R2,testing_model_seconds,train_global_model_seconds,local_training_seconds
6.0,4.59,63.48,1.22,0.0,0.0,0.0,3.21,5.28,22.44
1.71,0.0,0.0,0.0,4419.267082656924,0.199257281441532,-17.785542001650903,0.0,1.11,15.28
0.66,0.0,0.0,0.0,3576.1736937733863,0.19248586075220175,-17.99306846986509,0.0,1.15,16.82
1.19,0.0,0.0,0.0,541.0701704157019,0.16563650963678683,0.4982314899638858,0.0,2.5,17.72
0.84,0.0,0.0,0.0,4161.030545802975,0.1940125526276666,-15.865925508219355,0.0,1.11,15.35
0.73,0.0,0.0,0.0,3529.2284471570624,0.2005689024943544,-18.200764316137818,0.0,1.91,17.23
0.6,0.0,0.0,0.0,7563.006282724099,0.1944313642161388,-18.42707726268094,0.0,2.17,16.75
0.94,0.0,0.0,0.0,662.2775599438435,0.161688945178142,0.5103661409791479,0.0,2.48,17.02
0.6,0.0,0.0,0.0,9056.829971807529,0.19562218751716,-16.59315511244409,0.0,1.11,15.32
