calculate_maxmin_seconds,clustering_time_seconds,elapsed_time_seconds,create_histogram_seconds,MAPE,MSE,R2,testing_model_seconds,train_global_model_seconds,local_training_seconds
4.85,4.54,53.52,0.69,0.0,0.0,0.0,1.88,3.74,20.19
0.42,0.0,0.0,0.0,451.7833780165519,0.08529534954056602,0.6158158149541908,0.0,1.09,15.43
0.42,0.0,0.0,0.0,1347.1385828028822,0.06740002296943694,-4.740829970447983,0.0,1.03,14.63
0.44,0.0,0.0,0.0,294.94348704733716,0.07912232344215561,0.5855157648590734,0.0,1.04,13.59
0.43,0.0,0.0,0.0,1311.3025806933829,0.0676602017002788,-4.870722742546638,0.0,1.04,14.23
0.43,0.0,0.0,0.0,337.49310690775746,0.08790619071895123,0.620518039830317,0.0,1.04,13.88
0.42,0.0,0.0,0.0,1526.1837343301052,0.0728229152490253,-5.132232007788662,0.0,1.03,14.6
0.43,0.0,0.0,0.0,593.6377226553883,0.08200475361067545,0.5934789643578697,0.0,1.03,13.38
0.42,0.0,0.0,0.0,898.9222885906081,0.07060982766058922,-5.473597947835596,0.0,1.06,15.03
