calculate_maxmin_seconds,clustering_time_seconds,elapsed_time_seconds,create_histogram_seconds,MAPE,MSE,R2,testing_model_seconds,train_global_model_seconds,local_training_seconds
7.17,4.53,71.79,1.01,0.0,0.0,0.0,3.23,5.16,26.83
1.71,0.0,0.0,0.0,2900.3612766829397,0.1879739380533351,-16.652332404360873,0.0,1.12,13.96
1.72,0.0,0.0,0.0,2880.089293751063,0.18313436818152384,-16.912091844862413,0.0,1.11,15.0
1.6,0.0,0.0,0.0,539.4714905851258,0.1604389492913122,0.575822491596037,0.0,1.13,17.65
1.71,0.0,0.0,0.0,3423.905454028491,0.1921578996894884,-16.65620328279641,0.0,1.23,13.72
0.42,0.0,0.0,0.0,2840.181435005324,0.1918820120112366,-16.955425341217726,0.0,2.38,22.18
0.42,0.0,0.0,0.0,3250.711852131073,0.18678337743088183,-17.37497138083706,0.0,2.35,18.6
1.1,0.0,0.0,0.0,689.2637579616553,0.15900436009026447,0.5848652189143672,0.0,2.41,19.29
0.43,0.0,0.0,0.0,2340.8194855822585,0.1874308227352198,-15.112309549818836,0.0,1.16,20.15
