calculate_maxmin_seconds,clustering_time_seconds,elapsed_time_seconds,create_histogram_seconds,MAPE,MSE,R2,testing_model_seconds,train_global_model_seconds,local_training_seconds
7.01,4.81,168.06,3.91,0.0,0.0,0.0,4.78,8.84,46.23
1.14,0.0,0.0,0.0,1038.4399448885088,0.5734718935014882,-3.637979490173926,0.0,4.25,40.81
0.46,0.0,0.0,0.0,5448.990515001754,0.7158775845262364,-62.5365114123424,0.0,1.08,37.05
0.65,0.0,0.0,0.0,1090.374803103921,0.573255592914307,-3.5707517415529173,0.0,1.41,17.57
0.43,0.0,0.0,0.0,6903.901208175237,0.7421196016462198,-65.83944042072643,0.0,1.1,17.27
0.4,0.0,0.0,0.0,1340.3420796940245,0.5789349690310257,-3.517830917223815,0.0,4.31,33.46
2.34,0.0,0.0,0.0,5467.121397187964,0.7258767222376457,-63.264003299972416,0.0,4.06,38.53
0.78,0.0,0.0,0.0,881.579161161411,0.5773525263494802,-3.696925595556736,0.0,1.15,27.32
0.4,0.0,0.0,0.0,5060.328460248512,0.7374561327055791,-64.27441453594056,0.0,4.74,33.8
