calculate_maxmin_seconds,clustering_time_seconds,elapsed_time_seconds,create_histogram_seconds,MAPE,MSE,R2,testing_model_seconds,train_global_model_seconds,local_training_seconds
4.69,4.55,51.71,0.69,0.0,0.0,0.0,1.26,3.67,19.17
0.42,0.0,0.0,0.0,453.48217458275207,0.08397352876266746,0.632525952062212,0.0,1.04,13.44
0.42,0.0,0.0,0.0,1579.4707756139242,0.07462368466077156,-6.026196274127958,0.0,1.03,13.56
0.42,0.0,0.0,0.0,330.47612366192897,0.08956928860459364,0.6033582602342097,0.0,1.05,13.87
0.55,0.0,0.0,0.0,1404.6360878161693,0.07222744025845514,-6.451284530067385,0.0,1.06,13.77
0.44,0.0,0.0,0.0,427.2452071121205,0.09139915765385905,0.6200694339734937,0.0,1.04,14.47
0.6,0.0,0.0,0.0,1169.213031468239,0.0743762276884775,-6.184122506199119,0.0,1.03,13.54
0.42,0.0,0.0,0.0,352.35982866866226,0.08938320282886314,0.6194853668064249,0.0,1.09,13.51
0.43,0.0,0.0,0.0,1886.7714715842897,0.08039231305664332,-5.315736612260342,0.0,1.03,14.16
