calculate_maxmin_seconds,clustering_time_seconds,elapsed_time_seconds,create_histogram_seconds,MAPE,MSE,R2,testing_model_seconds,train_global_model_seconds,local_training_seconds
4.58,4.5,52.41,0.69,0.0,0.0,0.0,1.24,3.92,19.03
0.46,0.0,0.0,0.0,774.7205711507179,0.04495548201083421,-2.763585758007879,0.0,1.03,14.09
0.42,0.0,0.0,0.0,491.5914852871715,0.07565349895123892,0.5269721829918251,0.0,1.19,13.93
0.43,0.0,0.0,0.0,520.0316395149431,0.027620841763490885,-1.4108227614335913,0.0,1.05,14.25
0.43,0.0,0.0,0.0,1337.1429929810374,0.04499558548673523,-3.2300919645359603,0.0,1.05,13.78
0.43,0.0,0.0,0.0,492.60812757123017,0.0778199412277723,0.5006965242414765,0.0,1.03,14.33
0.43,0.0,0.0,0.0,829.4071497732231,0.04956666712828331,-3.3263404859102605,0.0,1.03,13.55
0.43,0.0,0.0,0.0,1722.8032486194743,0.03100835372513996,-2.0587555600714555,0.0,1.03,13.53
0.44,0.0,0.0,0.0,217.5490189291808,0.0838290419300717,0.5856385384892281,0.0,1.05,13.91
