calculate_maxmin_seconds,clustering_time_seconds,elapsed_time_seconds,create_histogram_seconds,MAPE,MSE,R2,testing_model_seconds,train_global_model_seconds,local_training_seconds
12.65,11.45,188.4,5.83,0.0,0.0,0.0,9.71,11.63,38.28
0.42,0.0,0.0,0.0,2587.0728700323225,0.17560669780867091,-15.40051694926668,0.0,2.86,31.81
0.43,0.0,0.0,0.0,3130.6368567929085,0.17594062342659045,-16.41510279803345,0.0,1.12,28.35
0.42,0.0,0.0,0.0,479.4326372753685,0.147851176859712,0.6044425266259528,0.0,5.89,20.82
2.39,0.0,0.0,0.0,27452.615748409346,0.17280857801412264,-14.17821615398841,0.0,5.96,21.18
0.42,0.0,0.0,0.0,3254.200983288624,0.17823091514911713,-15.634470005127016,0.0,1.09,30.68
0.42,0.0,0.0,0.0,2895.4655972564215,0.17477846712064277,-16.114411810697746,0.0,1.11,20.46
0.43,0.0,0.0,0.0,485.2556150477607,0.1480113716935061,0.6181411528552307,0.0,1.12,21.23
0.42,0.0,0.0,0.0,2139.2739565400207,0.17398697154342077,-14.304581431158276,0.0,1.11,20.9
