calculate_maxmin_seconds,clustering_time_seconds,elapsed_time_seconds,create_histogram_seconds,MAPE,MSE,R2,testing_model_seconds,train_global_model_seconds,local_training_seconds
13.0,5.58,192.18,3.69,0.0,0.0,0.0,5.06,19.18,34.3
0.63,0.0,0.0,0.0,888.2599718047908,0.04650696724554072,-3.022163065420532,0.0,3.32,21.0
0.56,0.0,0.0,0.0,230.84823193831235,0.08112608251156232,0.5510193957870111,0.0,0.96,19.52
0.42,0.0,0.0,0.0,1084.9159234820736,0.02791891825893564,-1.3165740773306829,0.0,1.05,19.87
0.42,0.0,0.0,0.0,985.1614982817216,0.04585758895211206,-3.101538025267483,0.0,1.04,26.63
0.51,0.0,0.0,0.0,272.48965743019255,0.07686959717672168,0.5263713393420293,0.0,1.04,28.26
0.43,0.0,0.0,0.0,1290.8122179194277,0.04483202812610127,-2.9820551027083906,0.0,1.02,28.46
4.06,0.0,0.0,0.0,968.39979176818,0.03154518575951331,-1.7801911196325682,0.0,1.04,29.54
0.43,0.0,0.0,0.0,297.9169922625485,0.07911459403567815,0.5757917121699869,0.0,0.97,19.55
