calculate_maxmin_seconds,clustering_time_seconds,elapsed_time_seconds,create_histogram_seconds,MAPE,MSE,R2,testing_model_seconds,train_global_model_seconds,local_training_seconds
4.76,4.61,51.51,0.69,0.0,0.0,0.0,1.69,3.75,20.26
0.43,0.0,0.0,0.0,3890.8720309291225,0.1576281337958216,-13.82236400022413,0.0,1.12,14.19
0.42,0.0,0.0,0.0,2289.737612709973,0.16016152289323332,-14.881521576434707,0.0,1.1,14.09
0.43,0.0,0.0,0.0,895.3389400950858,0.1371922584113006,0.6805609700339774,0.0,1.12,14.2
0.43,0.0,0.0,0.0,2420.0921666515733,0.15840333832712433,-13.049586236759856,0.0,1.16,14.73
0.43,0.0,0.0,0.0,2494.1851278255353,0.15696225256500282,-13.654713646387185,0.0,1.11,14.87
0.43,0.0,0.0,0.0,1767.4178893975995,0.15295658105908522,-14.162844319996472,0.0,1.12,14.25
0.43,0.0,0.0,0.0,432.52140186574417,0.13745145577662962,0.6860641169063157,0.0,1.11,14.77
0.44,0.0,0.0,0.0,3900.731352760916,0.15475301979192976,-12.81213198566373,0.0,1.09,14.02
