calculate_maxmin_seconds,clustering_time_seconds,elapsed_time_seconds,create_histogram_seconds,MAPE,MSE,R2,testing_model_seconds,train_global_model_seconds,local_training_seconds
6.91,5.37,133.84,3.42,0.0,0.0,0.0,5.06,9.02,34.74
1.76,0.0,0.0,0.0,3102.8692551682507,0.15284155815764694,-13.317028859782791,0.0,3.63,18.79
1.29,0.0,0.0,0.0,2847.9803450207887,0.14603117828846943,-13.26254819199484,0.0,2.27,19.24
0.43,0.0,0.0,0.0,376.8245343488172,0.12995088185140094,0.7060737626222815,0.0,1.11,18.77
1.27,0.0,0.0,0.0,2257.046901798328,0.14504326192151226,-11.847061291559031,0.0,5.25,29.56
0.42,0.0,0.0,0.0,3676.717586215965,0.1494058032603208,-13.06984461709968,0.0,1.1,18.62
0.42,0.0,0.0,0.0,2495.9743885121848,0.14510740663494787,-13.475024267787962,0.0,1.74,18.85
0.43,0.0,0.0,0.0,517.8477452438591,0.13458239699290822,0.7117441033154517,0.0,4.06,25.87
1.24,0.0,0.0,0.0,1953.031648508117,0.15095379517464746,-12.525657930376465,0.0,1.12,18.29
