calculate_maxmin_seconds,clustering_time_seconds,elapsed_time_seconds,create_histogram_seconds,MAPE,MSE,R2,testing_model_seconds,train_global_model_seconds,local_training_seconds
4.91,4.75,51.95,0.94,0.0,0.0,0.0,1.88,4.45,19.17
0.4,0.0,0.0,0.0,4882.246555425135,0.18603388017496972,-16.6625799434017,0.0,1.12,14.53
0.73,0.0,0.0,0.0,3912.0611143209567,0.1773644744970239,-16.66352955270543,0.0,1.27,13.99
0.44,0.0,0.0,0.0,546.1396637549938,0.1513855987692511,0.5970703312928545,0.0,1.12,14.48
0.43,0.0,0.0,0.0,5810.66681275672,0.17895736932392056,-15.080544748079532,0.0,1.09,13.92
0.44,0.0,0.0,0.0,3142.3825048200697,0.18384531283450636,-16.401538633268757,0.0,1.11,14.26
0.43,0.0,0.0,0.0,2716.674156469081,0.1768588829902707,-16.304143185767163,0.0,1.11,14.07
0.72,0.0,0.0,0.0,466.06135691258385,0.14907055480435938,0.5853059224554336,0.0,1.08,14.05
0.45,0.0,0.0,0.0,3210.9826742849427,0.17807144543467374,-15.082118052749871,0.0,1.12,14.49
