calculate_maxmin_seconds,clustering_time_seconds,elapsed_time_seconds,create_histogram_seconds,MAPE,MSE,R2,testing_model_seconds,train_global_model_seconds,local_training_seconds
4.64,4.66,52.0,0.68,0.0,0.0,0.0,1.28,3.73,18.91
0.42,0.0,0.0,0.0,464.8390320419731,0.08861097959432504,0.6246427854966918,0.0,1.02,13.27
0.43,0.0,0.0,0.0,1176.7496156512686,0.08752211907249823,-6.429535910796299,0.0,1.04,13.77
0.42,0.0,0.0,0.0,348.5307308062981,0.08528828974874676,0.617388017769796,0.0,1.03,13.38
0.45,0.0,0.0,0.0,2203.5879546867927,0.08155365494553247,-6.443018821261765,0.0,1.05,13.58
0.42,0.0,0.0,0.0,478.3162343794057,0.09387436495705444,0.6421727789246916,0.0,1.04,13.72
0.42,0.0,0.0,0.0,1717.994344340715,0.08429159461342654,-6.29931733849002,0.0,1.0,13.71
0.43,0.0,0.0,0.0,941.8420930811382,0.08607655556680768,0.6131589677505851,0.0,1.07,13.85
0.43,0.0,0.0,0.0,2050.9118076288705,0.08200732543267754,-5.864354739008264,0.0,1.05,14.24
