calculate_maxmin_seconds,clustering_time_seconds,elapsed_time_seconds,create_histogram_seconds,MAPE,MSE,R2,testing_model_seconds,train_global_model_seconds,local_training_seconds
5.26,4.94,80.55,0.78,0.0,0.0,0.0,2.21,6.69,32.51
0.42,0.0,0.0,0.0,1350.4545582833705,0.5536040205508321,-3.243416084931959,0.0,1.18,14.4
0.71,0.0,0.0,0.0,6800.859749534783,0.7302814553333865,-62.20190885354282,0.0,1.17,22.74
0.71,0.0,0.0,0.0,954.7532895315586,0.5446172941053112,-3.3230443973716453,0.0,1.17,15.42
0.43,0.0,0.0,0.0,4958.769148080064,0.7114321459028572,-62.61137183399192,0.0,1.65,21.39
0.58,0.0,0.0,0.0,823.7053069255209,0.5345319931774771,-3.179739798562882,0.0,1.92,22.02
0.43,0.0,0.0,0.0,5181.749887716628,0.7088214077012325,-61.57900993326398,0.0,1.18,14.76
0.76,0.0,0.0,0.0,1241.9324978433528,0.5513623988205341,-3.3227878732122775,0.0,1.19,16.01
0.52,0.0,0.0,0.0,3934.946596864495,0.720745560839253,-62.91442571535097,0.0,1.86,22.52
