calculate_maxmin_seconds,clustering_time_seconds,elapsed_time_seconds,create_histogram_seconds,MAPE,MSE,R2,testing_model_seconds,train_global_model_seconds,local_training_seconds
4.73,4.51,51.01,0.68,0.0,0.0,0.0,1.26,3.74,18.72
0.41,0.0,0.0,0.0,2857.817344800848,0.046090409669388085,-3.380365796136587,0.0,1.04,13.57
0.42,0.0,0.0,0.0,280.1347099629699,0.07819297571889351,0.49427599797097455,0.0,1.03,13.59
0.42,0.0,0.0,0.0,785.4086485021791,0.029601563128475877,-1.535496942759576,0.0,1.03,13.35
0.42,0.0,0.0,0.0,729.6518534383086,0.04688659539485,-3.278278120901547,0.0,1.02,13.4
0.44,0.0,0.0,0.0,416.89249541734125,0.08584232286998981,0.5358983662059873,0.0,1.14,13.71
0.57,0.0,0.0,0.0,935.826537535782,0.045542517439106006,-3.1542902737207603,0.0,1.03,13.56
0.55,0.0,0.0,0.0,1018.5180296680446,0.029010767415779265,-1.855825247359592,0.0,1.07,13.87
0.43,0.0,0.0,0.0,811.2204484771048,0.08464777368720766,0.5357629774390587,0.0,1.1,14.13
