calculate_maxmin_seconds,clustering_time_seconds,elapsed_time_seconds,create_histogram_seconds,MAPE,MSE,R2,testing_model_seconds,train_global_model_seconds,local_training_seconds
16.25,4.87,101.46,2.41,0.0,0.0,0.0,8.47,6.2,31.55
4.98,0.0,0.0,0.0,1020.5875077046264,0.6074922239509823,-3.9586768639815073,0.0,2.34,16.65
0.43,0.0,0.0,0.0,10074.336540346016,0.7897399856321909,-67.36268620350886,0.0,1.8,23.83
0.41,0.0,0.0,0.0,7444.737354424504,0.6245751615311618,-4.059125565764127,0.0,1.85,18.89
5.61,0.0,0.0,0.0,9927.919543345532,0.7853831996425624,-68.5368821960102,0.0,3.31,16.34
0.42,0.0,0.0,0.0,2032.1904432736128,0.6124306794741895,-3.796938961458549,0.0,1.81,24.67
1.76,0.0,0.0,0.0,5319.459182933304,0.7641237528120777,-65.29720135844934,0.0,2.36,20.88
0.43,0.0,0.0,0.0,1070.691437589922,0.616997811351108,-4.0354151493069965,0.0,2.37,17.16
1.63,0.0,0.0,0.0,4371.507770888707,0.7923852838733024,-69.25951092624096,0.0,1.81,25.68
