calculate_maxmin_seconds,clustering_time_seconds,elapsed_time_seconds,create_histogram_seconds,MAPE,MSE,R2,testing_model_seconds,train_global_model_seconds,local_training_seconds
4.9,4.77,51.6,0.7,0.0,0.0,0.0,1.57,3.76,19.59
0.44,0.0,0.0,0.0,9158.094754686765,0.14471229506762495,-12.247461515819907,0.0,1.06,14.3
0.43,0.0,0.0,0.0,2264.635528951931,0.14832969543439245,-13.426966067852328,0.0,1.11,14.65
0.43,0.0,0.0,0.0,375.9870862918286,0.1305343051788564,0.7101880965652743,0.0,1.1,13.87
0.42,0.0,0.0,0.0,2443.76074362272,0.1482747164391192,-12.425141892398392,0.0,1.12,14.1
0.44,0.0,0.0,0.0,2803.8157450710496,0.14952572522022456,-12.92345015684542,0.0,1.12,14.36
0.42,0.0,0.0,0.0,2072.8102130826906,0.14370314270445533,-13.09782527077206,0.0,1.1,14.13
0.44,0.0,0.0,0.0,516.8085921916293,0.1335635604116677,0.712761728228158,0.0,1.15,14.89
0.43,0.0,0.0,0.0,3162.9881365317738,0.15022422756862175,-12.433486561000027,0.0,1.11,14.33
