calculate_maxmin_seconds,clustering_time_seconds,elapsed_time_seconds,create_histogram_seconds,MAPE,MSE,R2,testing_model_seconds,train_global_model_seconds,local_training_seconds
4.7,4.69,55.98,0.7,0.0,0.0,0.0,1.62,3.84,24.11
0.41,0.0,0.0,0.0,1021.1549885726454,0.6056583556491538,-3.8486311427698583,0.0,1.08,13.81
0.43,0.0,0.0,0.0,5140.000382965015,0.7921656367222368,-69.40209895830894,0.0,1.15,19.03
0.44,0.0,0.0,0.0,1954.4160785194588,0.6233504281445197,-3.943893889582149,0.0,1.12,17.97
0.47,0.0,0.0,0.0,12615.51939697896,0.7488908210412291,-65.81203184716048,0.0,1.1,18.79
0.43,0.0,0.0,0.0,1115.0596611662595,0.6178560762762478,-3.868934707104307,0.0,1.22,14.8
0.44,0.0,0.0,0.0,6249.940889196206,0.7738402363198825,-67.78675337537815,0.0,1.25,15.28
0.44,0.0,0.0,0.0,1472.4453679693129,0.6229559917378619,-3.8692017910663346,0.0,1.12,18.82
0.43,0.0,0.0,0.0,7096.160908258396,0.7725589832319473,-67.65636692538402,0.0,1.12,16.19
