calculate_maxmin_seconds,clustering_time_seconds,elapsed_time_seconds,create_histogram_seconds,MAPE,MSE,R2,testing_model_seconds,train_global_model_seconds,local_training_seconds
7.81,4.78,172.3,1.49,0.0,0.0,0.0,10.6,6.84,40.56
0.42,0.0,0.0,0.0,3741.366997246738,0.1708548045856896,-15.148907176198025,0.0,1.14,18.87
0.42,0.0,0.0,0.0,3744.9278820308327,0.16956090527344048,-15.720654499456405,0.0,1.17,21.34
2.68,0.0,0.0,0.0,886.154183145371,0.1490261803344813,0.6336204377115606,0.0,4.01,28.77
0.85,0.0,0.0,0.0,2243.08678979585,0.17186843962571516,-14.434723786083143,0.0,1.19,20.51
0.43,0.0,0.0,0.0,2378.602028575874,0.17295908777027738,-15.543992782890086,0.0,1.12,18.41
0.47,0.0,0.0,0.0,2045.9753334109112,0.16477379306549567,-15.284897857153428,0.0,4.06,30.33
0.41,0.0,0.0,0.0,453.2777934924954,0.14778539223188045,0.634350543708514,0.0,4.02,30.87
1.78,0.0,0.0,0.0,1968.4636921601573,0.16988382583513503,-14.275383668881018,0.0,1.26,35.06
