calculate_maxmin_seconds,clustering_time_seconds,elapsed_time_seconds,create_histogram_seconds,MAPE,MSE,R2,testing_model_seconds,train_global_model_seconds,local_training_seconds
5.75,5.03,78.91,0.91,0.0,0.0,0.0,4.61,3.88,21.07
0.45,0.0,0.0,0.0,1311.1004841848674,0.5134726942097181,-2.926420547353076,0.0,1.12,14.1
0.58,0.0,0.0,0.0,5396.556666840174,0.6670688462695211,-58.31609026507272,0.0,1.1,13.87
0.43,0.0,0.0,0.0,1427.8426629206162,0.5273440651236713,-3.178706517617565,0.0,1.14,14.8
0.46,0.0,0.0,0.0,4145.319543159767,0.6759390348714476,-57.912837478177416,0.0,1.09,15.68
0.41,0.0,0.0,0.0,1380.566403201669,0.517315830663108,-2.952587604221525,0.0,1.16,14.92
0.43,0.0,0.0,0.0,4222.782134260249,0.6618842519126104,-57.607834789346825,0.0,1.12,15.62
0.56,0.0,0.0,0.0,1318.4690078865874,0.510301732500631,-2.8072026006023743,0.0,1.11,14.3
0.5,0.0,0.0,0.0,4488.519818907839,0.651133360382695,-57.91688184316644,0.0,1.15,15.82
