calculate_maxmin_seconds,clustering_time_seconds,elapsed_time_seconds,create_histogram_seconds,MAPE,MSE,R2,testing_model_seconds,train_global_model_seconds,local_training_seconds
4.66,4.59,51.23,0.68,0.0,0.0,0.0,1.3,3.69,18.74
0.47,0.0,0.0,0.0,936.951145316278,0.04441782648760648,-3.64253118051319,0.0,1.05,13.74
0.43,0.0,0.0,0.0,674.0687417840411,0.07909448579035941,0.5321827158910818,0.0,1.04,13.36
0.43,0.0,0.0,0.0,5077.557298281445,0.02858533614110409,-1.369114882418763,0.0,1.09,14.16
0.46,0.0,0.0,0.0,917.371456833098,0.046160506679206265,-3.523161310122635,0.0,1.04,13.7
0.42,0.0,0.0,0.0,476.81577824384806,0.07712309017480926,0.5697405318381354,0.0,1.03,13.24
0.42,0.0,0.0,0.0,1237.2355419189494,0.04701024910389031,-2.6107068673839557,0.0,1.03,13.51
0.42,0.0,0.0,0.0,1248.0163577627222,0.03110529490017778,-2.160954157161133,0.0,1.04,14.17
0.42,0.0,0.0,0.0,921.5846004430256,0.07986786034830715,0.5417730157875064,0.0,1.04,13.68
