calculate_maxmin_seconds,clustering_time_seconds,elapsed_time_seconds,create_histogram_seconds,MAPE,MSE,R2,testing_model_seconds,train_global_model_seconds,local_training_seconds
5.77,4.49,73.24,1.26,0.0,0.0,0.0,2.05,5.53,24.34
0.77,0.0,0.0,0.0,3575.2567963724473,0.1955791632579114,-18.0699756669166,0.0,2.63,17.27
0.88,0.0,0.0,0.0,2485.2410704766517,0.1956490624372225,-18.12463232570858,0.0,1.32,15.31
0.62,0.0,0.0,0.0,534.1692424684251,0.1658934160729008,0.4957111719041404,0.0,1.09,14.9
0.67,0.0,0.0,0.0,2825.0847369901658,0.1994001496875289,-17.08036547143283,0.0,1.96,14.52
0.69,0.0,0.0,0.0,4308.980592080341,0.1959485501374532,-17.458327160641,0.0,2.63,17.87
1.04,0.0,0.0,0.0,3285.723069936622,0.2059382243033183,-19.20854455402639,0.0,1.09,14.32
0.48,0.0,0.0,0.0,492.7645399913732,0.16171014403933473,0.5220638100762829,0.0,2.64,18.24
0.63,0.0,0.0,0.0,3360.3158023090173,0.20288709004640745,-17.288259673792993,0.0,2.57,19.28
