calculate_maxmin_seconds,clustering_time_seconds,elapsed_time_seconds,create_histogram_seconds,MAPE,MSE,R2,testing_model_seconds,train_global_model_seconds,local_training_seconds
7.57,4.49,102.81,1.4,0.0,0.0,0.0,6.56,6.81,27.47
0.76,0.0,0.0,0.0,1385.412840567908,0.523097515498249,-3.056825107708963,0.0,1.09,21.76
0.7,0.0,0.0,0.0,9314.738475543778,0.6634745211882054,-57.878703022727166,0.0,1.11,21.34
0.43,0.0,0.0,0.0,1178.0947042175108,0.5142759477847695,-2.9791249881692963,0.0,3.91,16.62
0.64,0.0,0.0,0.0,4695.233141593085,0.6509000918026352,-56.03828874865794,0.0,1.19,19.98
1.71,0.0,0.0,0.0,1138.933783429146,0.5426568904181623,-3.059849580671843,0.0,1.23,20.35
2.98,0.0,0.0,0.0,6322.721504156107,0.6752453593409531,-58.360964300870286,0.0,2.85,17.53
0.42,0.0,0.0,0.0,1038.0129015328769,0.5153078276867176,-2.9045931156047917,0.0,3.33,17.65
2.72,0.0,0.0,0.0,5059.530720772641,0.6669057827160733,-58.3010971600844,0.0,3.32,17.62
