calculate_maxmin_seconds,clustering_time_seconds,elapsed_time_seconds,create_histogram_seconds,MAPE,MSE,R2,testing_model_seconds,train_global_model_seconds,local_training_seconds
8.53,4.64,141.78,1.49,0.0,0.0,0.0,2.46,13.51,42.64
0.39,0.0,0.0,0.0,842.7955400879954,0.04411097881536704,-3.1122272326329288,0.0,1.08,16.48
1.18,0.0,0.0,0.0,332.0965269354247,0.08252181244809957,0.5134481321874471,0.0,2.12,22.65
0.43,0.0,0.0,0.0,745.5600455494075,0.02875488448773029,-1.5953127756818244,0.0,8.59,21.02
2.98,0.0,0.0,0.0,1607.4219327183034,0.04424174416206554,-3.0474811725639768,0.0,1.03,20.88
2.95,0.0,0.0,0.0,362.71564837609145,0.077333131752627,0.5214402666539752,0.0,1.03,16.17
0.43,0.0,0.0,0.0,797.6128314371466,0.042912070282808426,-3.161163251623877,0.0,9.58,34.76
0.63,0.0,0.0,0.0,678.9355715224349,0.029293127141587355,-1.7803449807767664,0.0,1.38,37.76
0.42,0.0,0.0,0.0,452.6323535028379,0.0774168597137456,0.5597685244416055,0.0,2.14,20.67
