calculate_maxmin_seconds,clustering_time_seconds,elapsed_time_seconds,create_histogram_seconds,MAPE,MSE,R2,testing_model_seconds,train_global_model_seconds,local_training_seconds
5.99,4.39,57.75,0.7,0.0,0.0,0.0,1.25,5.47,21.0
0.43,0.0,0.0,0.0,744.4792553899779,0.09398252031904857,0.6184616060775072,0.0,1.03,13.53
0.43,0.0,0.0,0.0,1897.532627732224,0.08020223152868357,-6.029966977266925,0.0,1.1,16.45
0.43,0.0,0.0,0.0,681.3189735622609,0.08417357822957727,0.6144988256031874,0.0,0.99,15.3
0.43,0.0,0.0,0.0,1253.2759233625804,0.07803779294660843,-5.8675793501454505,0.0,0.96,15.39
0.42,0.0,0.0,0.0,335.4298888272517,0.08914080785459724,0.6496809355638112,0.0,1.03,15.33
0.4,0.0,0.0,0.0,1992.1554134710068,0.08123008669709053,-6.4134761490965015,0.0,1.04,13.57
0.43,0.0,0.0,0.0,427.5903721585667,0.08306626310025907,0.600202557413246,0.0,1.04,14.83
0.39,0.0,0.0,0.0,3553.789118083965,0.07055354000356014,-4.872622679688434,0.0,1.12,13.51
