calculate_maxmin_seconds,clustering_time_seconds,elapsed_time_seconds,create_histogram_seconds,MAPE,MSE,R2,testing_model_seconds,train_global_model_seconds,local_training_seconds
9.66,4.52,143.98,1.3,0.0,0.0,0.0,6.5,8.28,29.78
0.42,0.0,0.0,0.0,962.5528293155596,0.4857143982894666,-2.6515543002980055,0.0,4.96,19.03
0.42,0.0,0.0,0.0,5859.572935445394,0.637203951031415,-54.80760084028234,0.0,1.2,22.2
0.44,0.0,0.0,0.0,1120.212710761059,0.501453936950904,-2.693007275513362,0.0,1.09,23.94
0.45,0.0,0.0,0.0,4797.593447622978,0.630917351167182,-53.88926888088738,0.0,4.63,19.69
1.31,0.0,0.0,0.0,930.4843669625926,0.4924732635855175,-2.7438138784798394,0.0,1.21,23.43
3.4,0.0,0.0,0.0,16744.582775245628,0.6336280271963146,-55.08131846845547,0.0,5.57,18.93
0.4,0.0,0.0,0.0,1382.7975277615926,0.4808662805163494,-2.6476253454859284,0.0,4.93,19.82
0.79,0.0,0.0,0.0,4682.659754567046,0.6246781973192994,-53.20614697274558,0.0,1.17,21.68
