calculate_maxmin_seconds,clustering_time_seconds,elapsed_time_seconds,create_histogram_seconds,MAPE,MSE,R2,testing_model_seconds,train_global_model_seconds,local_training_seconds
9.17,4.82,89.12,1.06,0.0,0.0,0.0,5.94,6.82,31.44
0.44,0.0,0.0,0.0,983.542666094558,0.5590855656205647,-3.4864176602096553,0.0,1.08,14.43
0.43,0.0,0.0,0.0,8401.451071087296,0.7076680512572612,-60.66980435220899,0.0,3.68,25.12
0.43,0.0,0.0,0.0,1157.0016271302836,0.55483832805887,-3.399068525215564,0.0,1.87,19.78
0.47,0.0,0.0,0.0,22097.218059120823,0.6936532129655215,-59.93130724412794,0.0,2.64,25.47
2.48,0.0,0.0,0.0,5626.930768565234,0.5710559548673539,-3.5262259047469193,0.0,1.07,15.06
3.7,0.0,0.0,0.0,7301.234503790955,0.7063342545395361,-61.39892689080758,0.0,2.0,14.63
0.48,0.0,0.0,0.0,1126.7749394023374,0.5630497727668624,-3.405888360304929,0.0,1.85,14.55
2.83,0.0,0.0,0.0,7156.408005664866,0.7214585919104477,-62.75394386908293,0.0,3.9,26.76
