calculate_maxmin_seconds,clustering_time_seconds,elapsed_time_seconds,create_histogram_seconds,MAPE,MSE,R2,testing_model_seconds,train_global_model_seconds,local_training_seconds
4.76,4.5,50.93,0.73,0.0,0.0,0.0,1.61,3.85,19.44
0.43,0.0,0.0,0.0,1298.2640400625137,0.5770646789397702,-3.5988945084766595,0.0,1.1,14.25
0.43,0.0,0.0,0.0,4186.901886191399,0.7334199164612253,-65.02185785266394,0.0,1.1,13.96
0.43,0.0,0.0,0.0,833.4134361427367,0.5570410667709119,-3.3150996791409986,0.0,1.1,14.15
0.45,0.0,0.0,0.0,5119.362012980424,0.7299784314681461,-62.624965819168935,0.0,1.09,14.48
0.41,0.0,0.0,0.0,1190.0956375459248,0.5642759107503088,-3.47873593076633,0.0,1.25,14.49
0.43,0.0,0.0,0.0,6550.170390542593,0.7158060777923881,-62.32588123641383,0.0,1.11,14.13
0.44,0.0,0.0,0.0,1111.6928913359,0.568754901896826,-3.428621540590923,0.0,1.09,14.78
0.43,0.0,0.0,0.0,5610.020693522245,0.72863903918129,-61.666023183177394,0.0,1.09,13.91
