calculate_maxmin_seconds,clustering_time_seconds,elapsed_time_seconds,create_histogram_seconds,MAPE,MSE,R2,testing_model_seconds,train_global_model_seconds,local_training_seconds
7.39,4.78,60.14,0.83,0.0,0.0,0.0,1.61,4.99,22.84
0.41,0.0,0.0,0.0,3076.8271406647946,0.1967557060704229,-17.647782608421565,0.0,1.11,14.1
0.42,0.0,0.0,0.0,3671.330669124643,0.1947356918492723,-18.57706440244118,0.0,1.1,14.27
0.81,0.0,0.0,0.0,524.0248142628659,0.15722892102142694,0.5562357193605052,0.0,1.14,17.66
0.57,0.0,0.0,0.0,2776.146927952016,0.18975011888433807,-15.70242071857319,0.0,1.11,17.67
0.42,0.0,0.0,0.0,2253.6764428447673,0.19239151679717692,-17.014973105347718,0.0,1.11,14.26
0.58,0.0,0.0,0.0,2409.664039147605,0.19393796810050185,-18.00134556001628,0.0,1.09,13.98
0.4,0.0,0.0,0.0,1557.8002981938448,0.15300523144169487,0.5554100345144453,0.0,1.07,15.89
0.76,0.0,0.0,0.0,2009.3998570189924,0.18827534632812765,-15.771553324820603,0.0,1.45,15.15
