calculate_maxmin_seconds,clustering_time_seconds,elapsed_time_seconds,create_histogram_seconds,MAPE,MSE,R2,testing_model_seconds,train_global_model_seconds,local_training_seconds
4.55,4.59,52.95,0.69,0.0,0.0,0.0,1.24,3.67,20.75
0.43,0.0,0.0,0.0,454.2894514088089,0.08817812571868387,0.6276679907304785,0.0,1.04,13.8
0.42,0.0,0.0,0.0,1247.6877699434367,0.06967697011542015,-5.263212161193948,0.0,1.03,13.65
0.43,0.0,0.0,0.0,373.6694978786969,0.08522507750045963,0.6097621926879148,0.0,1.04,14.02
0.42,0.0,0.0,0.0,1272.3723629803892,0.0792280003138601,-5.935633282438485,0.0,1.03,14.19
0.43,0.0,0.0,0.0,993.757389763915,0.08884301483987281,0.6346627800581841,0.0,1.04,14.36
0.42,0.0,0.0,0.0,1045.5697495335646,0.07953111261730737,-5.874975433308025,0.0,1.04,13.39
0.42,0.0,0.0,0.0,1828.2004137581189,0.08167861719861792,0.5821808432840537,0.0,1.04,13.45
0.44,0.0,0.0,0.0,1804.6789324887256,0.07441481600948185,-5.131529767587755,0.0,1.08,14.19
