calculate_maxmin_seconds,clustering_time_seconds,elapsed_time_seconds,create_histogram_seconds,MAPE,MSE,R2,testing_model_seconds,train_global_model_seconds,local_training_seconds
7.96,4.7,89.01,1.77,0.0,0.0,0.0,3.39,6.95,27.39
0.45,0.0,0.0,0.0,1215.5673854533604,0.5979938325234034,-3.898937562906143,0.0,3.64,19.74
2.25,0.0,0.0,0.0,10292.675537250268,0.7495417024078711,-66.2084608016553,0.0,1.18,22.22
0.99,0.0,0.0,0.0,1024.112480037486,0.6032027660741989,-3.84989822208333,0.0,3.64,19.93
2.45,0.0,0.0,0.0,6073.291771382572,0.7523252815861384,-65.10912618795535,0.0,1.23,22.14
2.31,0.0,0.0,0.0,6665.10682731017,0.5973684280298462,-3.724044330214098,0.0,4.25,19.01
0.39,0.0,0.0,0.0,5678.853850991905,0.7434423293840913,-64.82948749359032,0.0,3.95,19.13
2.37,0.0,0.0,0.0,1164.209378924388,0.5915790765293931,-3.9341742962717823,0.0,1.21,20.83
2.38,0.0,0.0,0.0,4679.560484021751,0.7559783241182407,-65.40526972726425,0.0,1.12,21.35
