calculate_maxmin_seconds,clustering_time_seconds,elapsed_time_seconds,create_histogram_seconds,MAPE,MSE,R2,testing_model_seconds,train_global_model_seconds,local_training_seconds
26.09,8.68,140.57,1.58,0.0,0.0,0.0,6.35,7.3,36.2
0.4,0.0,0.0,0.0,3608.177768028406,0.1697602059893199,-14.661880137377237,0.0,2.97,19.29
0.43,0.0,0.0,0.0,2595.5503367271995,0.16768689095958528,-15.663939672248691,0.0,3.13,16.98
0.41,0.0,0.0,0.0,473.0809732179249,0.1420528827898678,0.625840946413839,0.0,3.11,17.15
0.42,0.0,0.0,0.0,2874.997468162032,0.1684220872355692,-13.934270044612116,0.0,1.75,17.32
0.39,0.0,0.0,0.0,2355.4708797638864,0.1703335279868928,-15.017555610588836,0.0,1.08,28.03
0.41,0.0,0.0,0.0,2465.9992578490405,0.16874055556863818,-15.527939823577434,0.0,1.9,30.59
0.41,0.0,0.0,0.0,480.91583616798033,0.13964210617781112,0.6305351430648611,0.0,4.65,30.86
8.1,0.0,0.0,0.0,2172.5449880209617,0.16666090478013112,-13.771615573560778,0.0,2.42,30.84
