calculate_maxmin_seconds,clustering_time_seconds,elapsed_time_seconds,create_histogram_seconds,MAPE,MSE,R2,testing_model_seconds,train_global_model_seconds,local_training_seconds
7.71,4.64,79.02,1.08,0.0,0.0,0.0,3.15,5.61,31.64
0.61,0.0,0.0,0.0,985.6352557637392,0.5106312910148949,-2.8064369169135284,0.0,1.08,17.11
0.39,0.0,0.0,0.0,5220.020246435387,0.6426147608073891,-56.28682969861098,0.0,1.1,17.19
1.82,0.0,0.0,0.0,1284.336577510697,0.5091833220697906,-2.852001208150762,0.0,1.1,20.11
0.42,0.0,0.0,0.0,4308.787952950663,0.6479255808391876,-56.482264634979195,0.0,1.09,16.85
2.38,0.0,0.0,0.0,1114.0473457073178,0.5023778342601881,-2.645432175106748,0.0,1.1,27.05
0.41,0.0,0.0,0.0,5719.582659029718,0.6667307526653851,-58.13559141173142,0.0,1.08,17.57
0.43,0.0,0.0,0.0,1098.1506966282002,0.5132422841349342,-2.809647470766951,0.0,1.18,18.92
0.42,0.0,0.0,0.0,6448.649942254544,0.6567699095206437,-56.70522259021288,0.0,1.21,24.02
