calculate_maxmin_seconds,clustering_time_seconds,elapsed_time_seconds,create_histogram_seconds,MAPE,MSE,R2,testing_model_seconds,train_global_model_seconds,local_training_seconds
5.94,4.57,96.06,1.02,0.0,0.0,0.0,3.23,5.51,24.23
0.41,0.0,0.0,0.0,1203.2900129322836,0.5534299017008291,-3.3463868862034705,0.0,1.24,18.59
0.39,0.0,0.0,0.0,5450.460254622284,0.7166143761460008,-62.10721434141987,0.0,1.07,17.62
0.41,0.0,0.0,0.0,1279.7438418600404,0.5560728673456286,-3.4358255016166055,0.0,1.19,18.48
0.98,0.0,0.0,0.0,5603.347532679606,0.7053874553720297,-62.37648980674249,0.0,1.08,16.84
0.42,0.0,0.0,0.0,1340.4968810527062,0.5644028641976556,-3.4195460701393863,0.0,1.3,18.78
0.41,0.0,0.0,0.0,11454.022348894194,0.7062118665623637,-61.770839968684385,0.0,1.98,17.56
1.22,0.0,0.0,0.0,1227.0117499966357,0.5474692886694222,-3.253012798987675,0.0,2.4,19.07
1.2,0.0,0.0,0.0,4491.950901746748,0.7258096269519642,-62.37955707667198,0.0,1.14,18.9
