calculate_maxmin_seconds,clustering_time_seconds,elapsed_time_seconds,create_histogram_seconds,MAPE,MSE,R2,testing_model_seconds,train_global_model_seconds,local_training_seconds
7.8,4.66,80.49,6.16,0.0,0.0,0.0,5.78,5.03,25.84
1.48,0.0,0.0,0.0,1125.025146337816,0.4684979267186955,-2.4467635262403045,0.0,1.81,18.73
0.42,0.0,0.0,0.0,4250.262562776579,0.6232613540320178,-53.999472373718234,0.0,2.32,19.39
0.71,0.0,0.0,0.0,1231.7678289283276,0.48666136354738904,-2.509980045623394,0.0,1.86,20.03
0.43,0.0,0.0,0.0,4785.311216086635,0.6205556325775278,-53.44701467444662,0.0,2.33,18.25
0.42,0.0,0.0,0.0,846.3315254535106,0.4737348940438068,-2.481114421607798,0.0,2.33,18.24
0.54,0.0,0.0,0.0,102740.49050655092,0.6182739887772523,-53.78129989317489,0.0,2.32,19.42
2.94,0.0,0.0,0.0,1354.2973050996754,0.4824100664930538,-2.5843107226730027,0.0,1.83,20.47
0.52,0.0,0.0,0.0,9230.468731686737,0.6126282182068892,-53.79058027680801,0.0,1.92,20.17
