calculate_maxmin_seconds,clustering_time_seconds,elapsed_time_seconds,create_histogram_seconds,MAPE,MSE,R2,testing_model_seconds,train_global_model_seconds,local_training_seconds
30.51,5.89,137.22,7.67,0.0,0.0,0.0,6.94,6.9,36.54
4.5,0.0,0.0,0.0,1259.299430691271,0.04176844703244448,-2.884652035565326,0.0,1.4,25.0
0.42,0.0,0.0,0.0,331.47611693499204,0.07842335282866665,0.5015327456680003,0.0,1.12,28.05
0.43,0.0,0.0,0.0,532.8169668268482,0.028067904452116408,-1.6051362302148515,0.0,1.07,28.0
0.45,0.0,0.0,0.0,870.3950925878438,0.04126979737940343,-2.935172360413399,0.0,1.68,25.07
1.7,0.0,0.0,0.0,334.5060924441977,0.07856374431515693,0.54962205532276,0.0,1.05,27.14
0.42,0.0,0.0,0.0,936.7236562611362,0.04316431185424063,-2.675055798930583,0.0,1.06,28.16
0.42,0.0,0.0,0.0,833.1285857214018,0.029212033573919036,-1.7784947886131666,0.0,2.75,30.1
3.66,0.0,0.0,0.0,368.0976008207333,0.085328559591673,0.5738900495867219,0.0,1.76,25.87
