calculate_maxmin_seconds,clustering_time_seconds,elapsed_time_seconds,create_histogram_seconds,MAPE,MSE,R2,testing_model_seconds,train_global_model_seconds,local_training_seconds
6.66,4.51,65.08,1.07,0.0,0.0,0.0,2.09,5.84,22.21
1.4,0.0,0.0,0.0,1150.4465620405529,0.047148730009178574,-3.45586863828654,0.0,1.05,14.97
0.61,0.0,0.0,0.0,697.2731311855346,0.0764738819225634,0.5672680236019975,0.0,1.82,17.17
1.38,0.0,0.0,0.0,1074.7629471194205,0.028875857157502575,-1.6634837221669212,0.0,2.15,16.66
0.52,0.0,0.0,0.0,863.8461721316869,0.05050782149830266,-3.750118774550883,0.0,1.1,14.55
1.22,0.0,0.0,0.0,593.0899152990802,0.08055867632401924,0.5631937573357819,0.0,1.03,13.94
0.59,0.0,0.0,0.0,1138.138042467321,0.04810708421413881,-3.345611424891091,0.0,1.0,14.41
0.41,0.0,0.0,0.0,2542.702258780549,0.033570880058610725,-2.248506383824304,0.0,2.35,17.29
1.24,0.0,0.0,0.0,267.42399999932627,0.07650480257469579,0.5332092440296667,0.0,1.03,13.84
