calculate_maxmin_seconds,clustering_time_seconds,elapsed_time_seconds,create_histogram_seconds,MAPE,MSE,R2,testing_model_seconds,train_global_model_seconds,local_training_seconds
15.73,4.51,109.46,1.29,0.0,0.0,0.0,4.8,6.32,26.74
2.32,0.0,0.0,0.0,1380.8772741423115,0.4957169681069065,-2.7752736114367096,0.0,1.22,22.0
0.42,0.0,0.0,0.0,5620.648706553582,0.6404612709007175,-55.43132529279894,0.0,1.18,17.8
0.41,0.0,0.0,0.0,1372.293020407527,0.5155530536119698,-2.833552694353881,0.0,3.63,19.07
0.41,0.0,0.0,0.0,4431.76822854645,0.6602308099165961,-57.02380616506117,0.0,1.22,21.32
0.39,0.0,0.0,0.0,1047.9999132117534,0.5092226102969393,-2.807052586396896,0.0,1.24,20.13
0.42,0.0,0.0,0.0,5867.028566517457,0.6628241116858906,-57.79898146705404,0.0,1.13,20.04
2.06,0.0,0.0,0.0,1074.9517754766036,0.5022554360625673,-2.8070944704954157,0.0,3.62,17.82
0.42,0.0,0.0,0.0,6562.999611967683,0.6385435105818714,-54.93212476354556,0.0,1.52,18.03
