calculate_maxmin_seconds,clustering_time_seconds,elapsed_time_seconds,create_histogram_seconds,MAPE,MSE,R2,testing_model_seconds,train_global_model_seconds,local_training_seconds
7.5,5.23,78.21,1.23,0.0,0.0,0.0,3.5,11.64,25.19
0.52,0.0,0.0,0.0,3045.4293714071096,0.18622959965468763,-16.668769363701827,0.0,8.52,16.33
0.46,0.0,0.0,0.0,2548.357153766271,0.18014665018365497,-17.073752570468024,0.0,1.33,17.33
0.59,0.0,0.0,0.0,509.0601564002104,0.15445357275778174,0.5701350259540483,0.0,4.21,16.93
1.9,0.0,0.0,0.0,16836.935709536832,0.1779392229922357,-15.178755820708933,0.0,3.58,17.93
0.47,0.0,0.0,0.0,3858.4314883651978,0.18660714598298245,-16.520554724128043,0.0,1.4,17.45
0.47,0.0,0.0,0.0,2452.3401649965867,0.17940956379630166,-16.67662264056227,0.0,1.71,17.74
1.16,0.0,0.0,0.0,507.80182064377016,0.15366996742222688,0.5888536362234751,0.0,3.99,17.03
0.41,0.0,0.0,0.0,6845.488372800984,0.17937260359275842,-14.988711806652471,0.0,2.27,20.24
