calculate_maxmin_seconds,clustering_time_seconds,elapsed_time_seconds,create_histogram_seconds,MAPE,MSE,R2,testing_model_seconds,train_global_model_seconds,local_training_seconds
7.02,4.56,59.59,1.03,0.0,0.0,0.0,1.72,3.81,24.58
0.43,0.0,0.0,0.0,1517.304675789832,0.5692098884909513,-3.55426803591432,0.0,1.1,19.84
0.42,0.0,0.0,0.0,4193.1854830288985,0.7060003959722049,-60.85414890894096,0.0,1.16,14.62
0.43,0.0,0.0,0.0,986.9312198809852,0.5435145478863309,-3.263469859385679,0.0,1.11,14.82
0.8,0.0,0.0,0.0,8110.026061129524,0.7236975821674086,-63.47302306373831,0.0,1.1,14.6
0.42,0.0,0.0,0.0,934.5569659351185,0.5426815368184055,-3.3760935524190607,0.0,1.09,14.41
0.41,0.0,0.0,0.0,4324.094313747597,0.7009493124326148,-60.55654525715459,0.0,1.09,14.71
0.42,0.0,0.0,0.0,918.1774086061346,0.5550202413957334,-3.337552335942312,0.0,1.24,19.48
0.42,0.0,0.0,0.0,4465.125895230167,0.6977697985398547,-60.593742167854494,0.0,1.1,14.16
