calculate_maxmin_seconds,clustering_time_seconds,elapsed_time_seconds,create_histogram_seconds,MAPE,MSE,R2,testing_model_seconds,train_global_model_seconds,local_training_seconds
4.55,4.44,50.96,0.69,0.0,0.0,0.0,1.3,3.74,18.74
0.43,0.0,0.0,0.0,948.8495314500378,0.045043102581658,-3.0612529660303487,0.0,1.07,13.89
0.43,0.0,0.0,0.0,220.6176963450146,0.07916619384812174,0.5047902892133318,0.0,1.02,13.45
0.44,0.0,0.0,0.0,1074.0457928309286,0.02850244818951599,-1.3712203479695684,0.0,1.09,13.83
0.43,0.0,0.0,0.0,1673.0045974871332,0.043943583737341384,-3.167935726777216,0.0,1.03,14.05
0.44,0.0,0.0,0.0,229.93370744933648,0.07626053835869386,0.49691057910401026,0.0,1.04,13.45
0.43,0.0,0.0,0.0,1952.1997317252608,0.04074162183452296,-2.458300975865285,0.0,1.03,14.19
0.42,0.0,0.0,0.0,751.3098820448552,0.028868794999143767,-1.7079925103092806,0.0,1.03,13.62
0.43,0.0,0.0,0.0,288.79238800342944,0.07866347036561032,0.5662871916346591,0.0,1.05,13.84
