{"(1, 2)":3.229112644}JSON.json(maxmins){"(2, 3)":3.459115269}JSON.json(maxmins)