calculate_maxmin_seconds,clustering_time_seconds,elapsed_time_seconds,create_histogram_seconds,MAPE,MSE,R2,testing_model_seconds,train_global_model_seconds,local_training_seconds
7.47,4.66,89.4,2.62,0.0,0.0,0.0,3.94,7.33,26.07
0.39,0.0,0.0,0.0,901.9618446213402,0.04828550264448034,-3.748531371477556,0.0,1.01,17.36
0.41,0.0,0.0,0.0,287.3132293416369,0.07978200274296451,0.5332986720603854,0.0,3.68,16.01
0.42,0.0,0.0,0.0,1078.4767791744864,0.030932912907594787,-1.5687747304614637,0.0,3.43,16.37
0.42,0.0,0.0,0.0,2360.464834418027,0.05265934045124297,-3.787851195654027,0.0,3.67,15.97
0.44,0.0,0.0,0.0,289.7292583786666,0.08319449389243964,0.5379814911738189,0.0,1.96,21.4
0.4,0.0,0.0,0.0,1866.1180962764072,0.04652864572830652,-3.40223353773026,0.0,1.02,17.42
0.71,0.0,0.0,0.0,958.918166910274,0.03510452642132108,-2.3653378622620167,0.0,1.02,17.8
0.43,0.0,0.0,0.0,298.10484399497034,0.08471369899199731,0.5871244245605491,0.0,3.61,16.01
