calculate_maxmin_seconds,clustering_time_seconds,elapsed_time_seconds,create_histogram_seconds,MAPE,MSE,R2,testing_model_seconds,train_global_model_seconds,local_training_seconds
11.66,4.64,78.67,1.24,0.0,0.0,0.0,1.74,4.87,30.81
0.43,0.0,0.0,0.0,1066.3645008571175,0.585264062787167,-3.7181676631542455,0.0,1.1,23.34
0.42,0.0,0.0,0.0,4759.851758899708,0.7361158356529258,-64.13072036258252,0.0,1.12,22.96
0.41,0.0,0.0,0.0,1666.3734139485762,0.5872329351838502,-3.646083013158091,0.0,1.18,23.08
0.4,0.0,0.0,0.0,16184.34349634387,0.739330926455625,-64.57326937738385,0.0,1.12,24.0
0.48,0.0,0.0,0.0,794.9109132121923,0.5917559814414838,-3.753322443349812,0.0,1.11,22.94
0.39,0.0,0.0,0.0,6914.613140221226,0.750355165961742,-64.95951931565439,0.0,1.14,19.52
2.66,0.0,0.0,0.0,914.9993707159148,0.5903682943546449,-3.640472735396685,0.0,1.06,19.22
0.43,0.0,0.0,0.0,3608.1535835363143,0.7316046427260228,-64.6177554054369,0.0,1.09,22.64
