calculate_maxmin_seconds,clustering_time_seconds,elapsed_time_seconds,create_histogram_seconds,MAPE,MSE,R2,testing_model_seconds,train_global_model_seconds,local_training_seconds
28.41,4.56,211.2,4.96,0.0,0.0,0.0,13.1,9.67,37.19
0.43,0.0,0.0,0.0,2217.771641576542,0.1367384163525586,-12.079105955273205,0.0,7.14,16.15
0.42,0.0,0.0,0.0,1955.0538644962123,0.13209295849092875,-12.11844797781543,0.0,1.1,20.73
1.38,0.0,0.0,0.0,583.4572642175577,0.12459210519439064,0.7380499351911591,0.0,1.1,20.98
0.43,0.0,0.0,0.0,32986.45118348151,0.13606729559139452,-11.388886815950777,0.0,4.98,16.3
1.8,0.0,0.0,0.0,2039.1788711604845,0.1399954042528421,-11.917164754791695,0.0,1.09,20.87
0.42,0.0,0.0,0.0,2396.0749791509234,0.13302303933838772,-12.069864248772475,0.0,2.07,16.11
0.41,0.0,0.0,0.0,432.47901125347886,0.12551080273043122,0.7419044060215922,0.0,5.54,32.13
0.39,0.0,0.0,0.0,1892.1160522887403,0.13764758562921536,-11.229266689451004,0.0,1.1,21.79
