calculate_maxmin_seconds,clustering_time_seconds,elapsed_time_seconds,create_histogram_seconds,MAPE,MSE,R2,testing_model_seconds,train_global_model_seconds,local_training_seconds
6.28,4.33,128.44,1.29,0.0,0.0,0.0,6.51,10.66,30.45
0.49,0.0,0.0,0.0,787.6250636793882,0.04229986028288661,-2.8744630775643363,0.0,5.85,16.71
0.46,0.0,0.0,0.0,432.58366137327926,0.07903288442665705,0.5286076384964333,0.0,3.64,17.04
0.5,0.0,0.0,0.0,912.5876721569316,0.026762036567215684,-1.3577382199680073,0.0,5.9,16.31
1.24,0.0,0.0,0.0,1246.5923781738222,0.04261461150233385,-3.034950599122989,0.0,1.6,16.16
1.34,0.0,0.0,0.0,294.0688739971592,0.07130526495226054,0.4880682802551672,0.0,1.03,16.21
1.25,0.0,0.0,0.0,818.9367899576473,0.04191481681177878,-2.7930928869954577,0.0,6.31,21.53
0.46,0.0,0.0,0.0,1231.3506787590252,0.03197025681800312,-2.114382170661205,0.0,1.05,24.62
1.33,0.0,0.0,0.0,390.1907159952229,0.07789077196099585,0.5277500598865605,0.0,1.59,21.87
