calculate_maxmin_seconds,clustering_time_seconds,elapsed_time_seconds,create_histogram_seconds,MAPE,MSE,R2,testing_model_seconds,train_global_model_seconds,local_training_seconds
4.59,4.46,52.02,0.68,0.0,0.0,0.0,1.28,3.71,19.56
0.45,0.0,0.0,0.0,1002.2780635490076,0.08274028328679014,0.5765676003814114,0.0,1.06,13.8
0.42,0.0,0.0,0.0,1034.6002932756992,0.06660361549513903,-4.880501341651568,0.0,1.02,13.26
0.43,0.0,0.0,0.0,434.2306142032355,0.08244147915311001,0.580024410113339,0.0,1.03,14.43
0.44,0.0,0.0,0.0,2578.6769906747077,0.07210530913187269,-5.523874401370019,0.0,1.04,13.66
0.42,0.0,0.0,0.0,458.7245378990988,0.08670701691004241,0.6419898174337684,0.0,1.04,13.55
0.44,0.0,0.0,0.0,1136.0917338997278,0.06868833479827097,-4.761221142939616,0.0,1.05,14.82
0.42,0.0,0.0,0.0,273.02456402562535,0.08520259220791616,0.5966159947293324,0.0,1.04,13.32
0.43,0.0,0.0,0.0,2152.1226218105426,0.07030267150246484,-5.253740673954405,0.0,1.04,14.24
