calculate_maxmin_seconds,clustering_time_seconds,elapsed_time_seconds,create_histogram_seconds,MAPE,MSE,R2,testing_model_seconds,train_global_model_seconds,local_training_seconds
5.17,4.38,54.29,0.68,0.0,0.0,0.0,1.65,4.35,21.42
0.72,0.0,0.0,0.0,1312.8122805064606,0.5167742125387953,-2.9498028424543,0.0,1.12,15.16
0.5,0.0,0.0,0.0,6324.974567399745,0.6891975718606473,-60.10677291372649,0.0,1.1,14.55
0.46,0.0,0.0,0.0,1979.603798942651,0.5062650242948462,-2.9653943676860455,0.0,1.36,14.67
0.78,0.0,0.0,0.0,20974.538306145892,0.6750666297708917,-57.87758342170339,0.0,1.36,15.1
0.43,0.0,0.0,0.0,1265.3449049933138,0.520782747534146,-3.1714986021797635,0.0,1.08,15.75
0.47,0.0,0.0,0.0,3788.159088737623,0.6685603909053636,-58.33838861585341,0.0,1.15,15.42
0.47,0.0,0.0,0.0,803.6632794723923,0.5128085611328332,-2.9120034316433965,0.0,1.44,15.6
0.4,0.0,0.0,0.0,6562.19806248826,0.6660600082411848,-56.92989092407468,0.0,1.13,14.71
