calculate_maxmin_seconds,clustering_time_seconds,elapsed_time_seconds,create_histogram_seconds,MAPE,MSE,R2,testing_model_seconds,train_global_model_seconds,local_training_seconds
4.63,4.36,54.33,0.69,0.0,0.0,0.0,1.5,6.07,19.21
0.46,0.0,0.0,0.0,778.5853178940187,0.052601495813226616,-3.858211970820995,0.0,1.04,13.42
0.43,0.0,0.0,0.0,354.3966290368346,0.0792161175856012,0.4969902357041247,0.0,2.92,13.59
0.43,0.0,0.0,0.0,525.0999016326747,0.029063220635482997,-1.492890992400663,0.0,2.61,13.32
0.43,0.0,0.0,0.0,1267.169977686487,0.0457376427279963,-3.0371520742873903,0.0,1.03,13.53
0.44,0.0,0.0,0.0,453.2725732990787,0.07611611245728267,0.5278317224052984,0.0,1.09,14.63
0.43,0.0,0.0,0.0,941.4258396691814,0.046710319570499446,-3.1628729803290883,0.0,2.42,13.21
0.42,0.0,0.0,0.0,1160.2154567918471,0.03155728879812992,-2.140252570995434,0.0,1.14,14.44
0.42,0.0,0.0,0.0,323.61513602956455,0.08377933031420165,0.5764994583457865,0.0,1.69,13.93
