calculate_maxmin_seconds,clustering_time_seconds,elapsed_time_seconds,create_histogram_seconds,MAPE,MSE,R2,testing_model_seconds,train_global_model_seconds,local_training_seconds
5.99,4.76,54.9,0.69,0.0,0.0,0.0,2.29,4.59,18.94
0.44,0.0,0.0,0.0,600.5479363294492,0.08504249593608565,0.5986600671959734,0.0,1.04,13.62
0.42,0.0,0.0,0.0,4703.901608195121,0.06157611815810257,-4.3451423816184125,0.0,1.01,13.44
0.56,0.0,0.0,0.0,286.5013815423585,0.0840058507872397,0.5510491795776777,0.0,1.04,13.31
0.46,0.0,0.0,0.0,1483.402342229586,0.06074564199320769,-4.693145395998239,0.0,1.11,14.17
0.71,0.0,0.0,0.0,926.2617871511058,0.07792008271245024,0.5495537453185029,0.0,1.8,13.8
0.71,0.0,0.0,0.0,1342.319286908128,0.061631650334497856,-4.533193066497677,0.0,1.36,13.61
0.42,0.0,0.0,0.0,4320.555430020562,0.08047106412895119,0.5345778926562775,0.0,1.35,13.61
0.47,0.0,0.0,0.0,1846.9819648743755,0.06593834076259014,-4.912279040546462,0.0,1.36,13.57
