calculate_maxmin_seconds,clustering_time_seconds,elapsed_time_seconds,create_histogram_seconds,MAPE,MSE,R2,testing_model_seconds,train_global_model_seconds,local_training_seconds
7.2,4.53,68.21,0.85,0.0,0.0,0.0,3.92,5.96,24.22
1.49,0.0,0.0,0.0,346.33728381593284,0.08691627750286704,0.6153488267315326,0.0,2.83,13.48
0.39,0.0,0.0,0.0,1180.2909105253443,0.06348152724967061,-4.783866771041917,0.0,1.54,16.32
1.71,0.0,0.0,0.0,3508.775955192315,0.08403480485057915,0.549940883995711,0.0,2.61,19.53
0.55,0.0,0.0,0.0,4397.164524812655,0.06249944897079452,-4.540966048817117,0.0,1.23,14.38
1.34,0.0,0.0,0.0,378.2274687301881,0.08790022155323299,0.6243193137784218,0.0,1.04,17.04
0.68,0.0,0.0,0.0,1789.034773472709,0.06318155754863643,-4.729756335037528,0.0,1.1,16.97
0.43,0.0,0.0,0.0,339.84079614693024,0.07687177267628627,0.5593570472711451,0.0,2.7,13.61
1.56,0.0,0.0,0.0,1389.7981399125297,0.06340033757839983,-4.603123198347322,0.0,1.04,17.0
