calculate_maxmin_seconds,clustering_time_seconds,elapsed_time_seconds,create_histogram_seconds,MAPE,MSE,R2,testing_model_seconds,train_global_model_seconds,local_training_seconds
4.59,4.39,51.97,0.69,0.0,0.0,0.0,1.21,3.68,19.39
0.42,0.0,0.0,0.0,891.4835275297627,0.04465171112069214,-3.756909032205085,0.0,1.05,14.28
0.42,0.0,0.0,0.0,294.99437273460114,0.07943800822979227,0.5390999847241095,0.0,1.04,13.36
0.45,0.0,0.0,0.0,864.1532319247902,0.027990444328980752,-1.26387027326327,0.0,1.04,13.68
0.43,0.0,0.0,0.0,1604.9766602471575,0.04754305874975129,-3.873475292079563,0.0,1.05,14.41
0.43,0.0,0.0,0.0,646.7511712875985,0.07608998201958407,0.5326660343001492,0.0,1.03,13.58
0.44,0.0,0.0,0.0,939.9158497268484,0.04190654305119285,-3.141569494108256,0.0,1.04,13.67
0.44,0.0,0.0,0.0,493.064221018029,0.03058146021109136,-1.8863762680288816,0.0,1.09,14.75
0.43,0.0,0.0,0.0,252.52436119972717,0.07613446251365301,0.5670331239306079,0.0,1.02,13.61
