calculate_maxmin_seconds,clustering_time_seconds,elapsed_time_seconds,create_histogram_seconds,MAPE,MSE,R2,testing_model_seconds,train_global_model_seconds,local_training_seconds
4.77,4.72,51.19,0.7,0.0,0.0,0.0,1.63,3.73,18.98
0.42,0.0,0.0,0.0,2539.6759761924204,0.17571696158353678,-15.537327689134733,0.0,1.1,14.18
0.42,0.0,0.0,0.0,3477.315767858589,0.16746540292099743,-15.619579351333815,0.0,1.09,13.85
0.43,0.0,0.0,0.0,444.55647544310233,0.14129749327946822,0.6227557637692869,0.0,1.11,14.05
0.44,0.0,0.0,0.0,2298.500351317426,0.17155417275645435,-14.454776647731148,0.0,1.09,14.08
0.42,0.0,0.0,0.0,2542.1019507965234,0.17016600367961485,-15.002899295720578,0.0,1.11,14.07
0.44,0.0,0.0,0.0,3800.250727136596,0.17146438641141123,-15.808341076030722,0.0,1.11,14.08
0.44,0.0,0.0,0.0,643.394875962132,0.14832219712547917,0.6340657893942988,0.0,1.12,13.89
0.43,0.0,0.0,0.0,2756.811658293999,0.16961876916305052,-14.361849153673706,0.0,1.12,14.13
