calculate_maxmin_seconds,clustering_time_seconds,elapsed_time_seconds,create_histogram_seconds,MAPE,MSE,R2,testing_model_seconds,train_global_model_seconds,local_training_seconds
10.94,4.83,104.47,1.12,0.0,0.0,0.0,9.74,17.78,26.92
0.53,0.0,0.0,0.0,1591.7775894108863,0.04217201757540344,-3.2911245788943484,0.0,1.68,22.11
2.16,0.0,0.0,0.0,255.2264476011525,0.08453024203262018,0.5079099875283608,0.0,9.16,19.22
0.61,0.0,0.0,0.0,1329.5321687744274,0.028602730699827116,-1.4663820162558907,0.0,1.02,16.74
0.4,0.0,0.0,0.0,3386.6676254406634,0.04267436195087244,-3.1846188939391027,0.0,1.02,16.8
0.8,0.0,0.0,0.0,226.6125329094105,0.07900016707481905,0.4959795181424319,0.0,9.64,19.71
0.7,0.0,0.0,0.0,6174.415626103917,0.04350891734312847,-3.0134787841568915,0.0,9.26,19.95
1.5,0.0,0.0,0.0,2191.229830310576,0.031664689080111406,-1.8709573164276103,0.0,9.29,19.53
0.69,0.0,0.0,0.0,252.96757247325323,0.077772506197366,0.5502330996540055,0.0,1.02,16.82
