calculate_maxmin_seconds,clustering_time_seconds,elapsed_time_seconds,create_histogram_seconds,MAPE,MSE,R2,testing_model_seconds,train_global_model_seconds,local_training_seconds
4.67,4.5,52.08,0.69,0.0,0.0,0.0,1.23,4.2,19.22
0.44,0.0,0.0,0.0,2975.573078763362,0.045972413135953766,-3.0915068294376855,0.0,1.03,13.58
0.42,0.0,0.0,0.0,272.69022920644915,0.07843529667100048,0.5032854270009641,0.0,1.03,13.47
0.42,0.0,0.0,0.0,921.7600906496198,0.028037362245694215,-1.6231386706858992,0.0,1.05,13.58
0.43,0.0,0.0,0.0,1149.1954022439104,0.04166178701015556,-3.048904012777439,0.0,1.05,13.78
0.44,0.0,0.0,0.0,620.5288973466697,0.07880565752768001,0.5403984902534004,0.0,1.08,13.96
0.43,0.0,0.0,0.0,1414.0111128797064,0.04425272986974246,-3.2619694293856085,0.0,1.24,13.48
0.49,0.0,0.0,0.0,680.8145859085723,0.031552475474918865,-2.0015039105229753,0.0,1.1,13.36
0.43,0.0,0.0,0.0,292.42564866862944,0.07493654504633691,0.5556616278909512,0.0,1.04,14.6
