calculate_maxmin_seconds,clustering_time_seconds,elapsed_time_seconds,create_histogram_seconds,MAPE,MSE,R2,testing_model_seconds,train_global_model_seconds,local_training_seconds
6.07,4.62,57.81,0.95,0.0,0.0,0.0,1.31,3.79,23.19
0.41,0.0,0.0,0.0,550.2473336702903,0.09279763751941232,0.6552949721427322,0.0,1.05,18.01
0.42,0.0,0.0,0.0,2017.5783262161403,0.06530492322718966,-4.5599279213075645,0.0,1.04,18.47
0.42,0.0,0.0,0.0,1210.1371233721875,0.07865779535560401,0.6115937217634324,0.0,1.04,13.54
1.32,0.0,0.0,0.0,1286.2712340779667,0.07115339932255778,-5.832908520528716,0.0,1.04,13.79
0.43,0.0,0.0,0.0,374.5368475716234,0.08582079016928112,0.6352170028678858,0.0,1.11,13.34
1.2,0.0,0.0,0.0,885.5736814275874,0.07485437944560687,-5.694695117797672,0.0,1.09,14.33
0.41,0.0,0.0,0.0,373.0029697626083,0.08833846361012739,0.6013937778617451,0.0,1.02,13.59
0.88,0.0,0.0,0.0,959.5697953002468,0.08361922094278136,-6.427805923106302,0.0,1.03,13.52
