calculate_maxmin_seconds,clustering_time_seconds,elapsed_time_seconds,create_histogram_seconds,MAPE,MSE,R2,testing_model_seconds,train_global_model_seconds,local_training_seconds
7.75,4.46,89.33,0.98,0.0,0.0,0.0,3.44,5.37,23.91
1.36,0.0,0.0,0.0,3139.700037781471,0.16052407215951858,-14.434172339901478,0.0,2.55,17.91
0.4,0.0,0.0,0.0,2164.4507926190745,0.15528442554105715,-14.493243560134202,0.0,2.5,19.22
0.67,0.0,0.0,0.0,438.0198950951856,0.1391492508568747,0.6627989589621821,0.0,2.51,18.39
0.41,0.0,0.0,0.0,2334.743270895111,0.15604660202094756,-12.898744744436373,0.0,1.22,15.66
0.44,0.0,0.0,0.0,2223.0816498806084,0.15597659180133408,-13.81958713268361,0.0,1.16,15.64
0.55,0.0,0.0,0.0,2468.13208253924,0.1569122607386948,-14.501030024754971,0.0,2.5,17.69
0.51,0.0,0.0,0.0,1876.1978365601135,0.13602114550679223,0.6718773995339984,0.0,1.21,15.41
0.41,0.0,0.0,0.0,3976.908104225669,0.1560119576654152,-12.955660824542695,0.0,1.17,15.75
