calculate_maxmin_seconds,clustering_time_seconds,elapsed_time_seconds,create_histogram_seconds,MAPE,MSE,R2,testing_model_seconds,train_global_model_seconds,local_training_seconds
18.3,4.65,128.88,3.62,0.0,0.0,0.0,15.0,11.54,42.24
0.43,0.0,0.0,0.0,1550.5537988125373,0.5443150208424076,-3.2380513551548527,0.0,1.11,23.07
1.11,0.0,0.0,0.0,6616.20459788937,0.6989330932999929,-61.203668292803115,0.0,1.13,22.48
0.42,0.0,0.0,0.0,1348.07067269248,0.5567047643362526,-3.291956801882921,0.0,1.11,22.99
0.43,0.0,0.0,0.0,6503.76110394926,0.7068139176683039,-61.90417164330833,0.0,1.09,23.19
0.67,0.0,0.0,0.0,819.3463502557128,0.5613920710672461,-3.3735466041466067,0.0,1.13,22.77
3.99,0.0,0.0,0.0,7639.800594886195,0.7151452546024112,-63.29404196197043,0.0,1.74,22.72
5.04,0.0,0.0,0.0,838.9061593929879,0.5331258882562153,-3.2344538845011064,0.0,8.61,36.46
0.73,0.0,0.0,0.0,5304.956399458971,0.6958934897059426,-62.03653130891828,0.0,7.46,26.27
