calculate_maxmin_seconds,clustering_time_seconds,elapsed_time_seconds,create_histogram_seconds,MAPE,MSE,R2,testing_model_seconds,train_global_model_seconds,local_training_seconds
4.55,4.61,51.21,0.69,0.0,0.0,0.0,1.23,3.77,18.88
0.4,0.0,0.0,0.0,506.1115704778275,0.08393830438422538,0.6135069486658868,0.0,1.02,13.22
0.44,0.0,0.0,0.0,1266.6790406913278,0.07197646752788642,-5.092702040216242,0.0,1.09,14.07
0.44,0.0,0.0,0.0,453.5951899141549,0.0855760098460843,0.5866312799061079,0.0,1.04,13.81
0.44,0.0,0.0,0.0,1125.5534521449522,0.07047005914854945,-5.285763252392721,0.0,1.05,13.43
0.43,0.0,0.0,0.0,518.1481002210105,0.08342503817291202,0.620542994913512,0.0,1.06,13.7
0.43,0.0,0.0,0.0,8383.017065831586,0.06425849756746128,-5.129797963083718,0.0,1.05,13.43
0.43,0.0,0.0,0.0,1223.4680171851717,0.0853697764793204,0.5952569568987977,0.0,1.04,13.46
0.44,0.0,0.0,0.0,14439.163137078724,0.06851686171956216,-5.0710675614650045,0.0,1.04,14.15
