calculate_maxmin_seconds,clustering_time_seconds,elapsed_time_seconds,create_histogram_seconds,MAPE,MSE,R2,testing_model_seconds,train_global_model_seconds,local_training_seconds
7.2,4.65,82.17,1.02,0.0,0.0,0.0,4.45,5.14,24.24
1.93,0.0,0.0,0.0,857.1798446229426,0.5277650290680517,-3.1038250283521105,0.0,2.37,19.29
2.5,0.0,0.0,0.0,4416.065149838315,0.6883357717868271,-59.41112791161615,0.0,1.89,18.92
2.63,0.0,0.0,0.0,865.1640758241556,0.5352896107995389,-3.074336367872876,0.0,1.1,14.35
0.42,0.0,0.0,0.0,5736.055962806984,0.6886397532798284,-60.31971124952451,0.0,1.47,14.87
2.01,0.0,0.0,0.0,871.7927214768307,0.537693273327181,-3.1080153903806735,0.0,1.14,14.29
0.43,0.0,0.0,0.0,5312.118834194798,0.7008915046335417,-61.25358204219661,0.0,1.88,16.57
0.43,0.0,0.0,0.0,1485.9955423234178,0.5390116790693218,-3.06349149962778,0.0,1.1,13.98
2.27,0.0,0.0,0.0,11678.0320989437,0.6778916655953287,-59.77245158747253,0.0,2.46,19.55
