calculate_maxmin_seconds,clustering_time_seconds,elapsed_time_seconds,create_histogram_seconds,MAPE,MSE,R2,testing_model_seconds,train_global_model_seconds,local_training_seconds
4.55,4.6,51.44,0.69,0.0,0.0,0.0,1.29,3.63,18.87
0.43,0.0,0.0,0.0,1181.16638208596,0.044007040330163553,-3.2092432854596167,0.0,1.04,13.9
0.44,0.0,0.0,0.0,867.4618384421642,0.07388443435597578,0.48362103957083213,0.0,1.1,14.13
0.43,0.0,0.0,0.0,955.1858527119164,0.02635557522574383,-1.245430758863414,0.0,1.04,13.33
0.44,0.0,0.0,0.0,1969.8562656714796,0.04688641555888141,-3.000094747508107,0.0,1.04,13.57
0.4,0.0,0.0,0.0,286.8944185973495,0.08156124880270559,0.5666305436278525,0.0,1.04,13.65
0.43,0.0,0.0,0.0,864.7847338239844,0.045907341154129304,-3.1267160290292413,0.0,1.05,13.7
0.44,0.0,0.0,0.0,829.9697565720868,0.02935277162922609,-1.80886250810351,0.0,1.05,13.79
0.44,0.0,0.0,0.0,223.3202804671981,0.07850793160591482,0.5217382463623164,0.0,1.04,13.77
