calculate_maxmin_seconds,clustering_time_seconds,elapsed_time_seconds,create_histogram_seconds,MAPE,MSE,R2,testing_model_seconds,train_global_model_seconds,local_training_seconds
8.13,4.86,66.11,3.46,0.0,0.0,0.0,1.6,5.39,22.91
0.41,0.0,0.0,0.0,1824.2944872771477,0.142608500341822,-12.503274397045065,0.0,1.1,14.73
0.4,0.0,0.0,0.0,2366.97147219368,0.1421348886383371,-13.0359479200512,0.0,1.09,15.96
0.39,0.0,0.0,0.0,356.0094418322315,0.1280239882019737,0.7118770235392693,0.0,1.11,15.57
0.41,0.0,0.0,0.0,1910.747012157772,0.14182899315453962,-11.590388583412324,0.0,1.12,15.09
0.4,0.0,0.0,0.0,2045.2907984095275,0.143092954107476,-12.460431705502804,0.0,1.09,15.8
0.43,0.0,0.0,0.0,3915.158684766636,0.14554099530000536,-13.287701344994696,0.0,1.08,18.07
0.43,0.0,0.0,0.0,561.9441149024004,0.13054787327299272,0.7112612792452269,0.0,1.14,15.73
0.45,0.0,0.0,0.0,13071.461048558773,0.14714529793143358,-11.850501249217816,0.0,1.11,18.1
