calculate_maxmin_seconds,clustering_time_seconds,elapsed_time_seconds,create_histogram_seconds,MAPE,MSE,R2,testing_model_seconds,train_global_model_seconds,local_training_seconds
7.55,4.63,84.23,1.04,0.0,0.0,0.0,3.57,5.14,27.07
0.4,0.0,0.0,0.0,925.4705384974188,0.5176422763871028,-3.077134496964942,0.0,1.84,20.42
2.55,0.0,0.0,0.0,4782.738581446045,0.6733258239926253,-58.87885222820603,0.0,1.08,14.59
2.46,0.0,0.0,0.0,1019.9282246676348,0.5278003757161464,-3.134118579811328,0.0,1.09,15.44
2.51,0.0,0.0,0.0,5516.891445552592,0.6638117487587125,-58.27135521896262,0.0,1.7,17.9
0.42,0.0,0.0,0.0,3224.9663769683734,0.5261039655372249,-3.008569996105332,0.0,1.1,15.32
1.63,0.0,0.0,0.0,7717.264893997122,0.6666498897200736,-57.945705608133586,0.0,1.81,17.62
2.33,0.0,0.0,0.0,1431.58841051762,0.529483947292588,-3.1220997564208224,0.0,1.11,16.79
2.29,0.0,0.0,0.0,3781.127141911125,0.6639414900607353,-57.87378687251288,0.0,1.72,16.41
