calculate_maxmin_seconds,clustering_time_seconds,elapsed_time_seconds,create_histogram_seconds,MAPE,MSE,R2,testing_model_seconds,train_global_model_seconds,local_training_seconds
6.48,4.41,78.15,1.07,0.0,0.0,0.0,3.38,5.61,28.42
1.17,0.0,0.0,0.0,403.8392942900914,0.08765107706334943,0.6216258096129708,0.0,1.03,20.95
1.28,0.0,0.0,0.0,1219.012126229304,0.0692592235459061,-5.09400362241797,0.0,1.04,22.98
0.9,0.0,0.0,0.0,373.2268350587845,0.08323719688622358,0.5935653289208312,0.0,1.38,21.64
1.18,0.0,0.0,0.0,3945.408784283332,0.07349334278117126,-5.809110195016026,0.0,1.03,21.44
0.45,0.0,0.0,0.0,489.1012696783447,0.08591342501433728,0.6227920621899354,0.0,1.04,20.22
0.39,0.0,0.0,0.0,1379.312067177927,0.068961567372,-6.0402260285202,0.0,1.08,23.45
1.31,0.0,0.0,0.0,639.8029826982021,0.07879249878014709,0.5869238577933042,0.0,1.04,13.24
1.54,0.0,0.0,0.0,2913.08040101006,0.07099515337459068,-5.0716446684633265,0.0,1.06,16.66
