calculate_maxmin_seconds,clustering_time_seconds,elapsed_time_seconds,create_histogram_seconds,MAPE,MSE,R2,testing_model_seconds,train_global_model_seconds,local_training_seconds
6.21,4.62,54.03,0.7,0.0,0.0,0.0,1.31,3.97,19.52
0.42,0.0,0.0,0.0,450.07338804426433,0.0901700757976779,0.6471279333736122,0.0,1.04,13.9
0.41,0.0,0.0,0.0,1450.243040606267,0.07375718279890185,-5.324681499425703,0.0,1.38,14.05
0.43,0.0,0.0,0.0,1074.600892813142,0.08123787551110959,0.5808526808900771,0.0,1.05,13.87
0.44,0.0,0.0,0.0,3338.364202556306,0.07147460391073206,-4.966265714738734,0.0,1.33,13.64
0.43,0.0,0.0,0.0,2031.6161239685591,0.09404714963912678,0.62402587493087,0.0,1.04,14.37
1.35,0.0,0.0,0.0,1726.4914357157422,0.07122706151834171,-5.392013520584187,0.0,1.31,13.59
1.37,0.0,0.0,0.0,823.5335720005647,0.08400387079298817,0.5779756708046269,0.0,1.03,14.64
0.43,0.0,0.0,0.0,1307.3141454288275,0.0717788447521129,-5.2307967980060415,0.0,1.34,14.87
