calculate_maxmin_seconds,clustering_time_seconds,elapsed_time_seconds,create_histogram_seconds,MAPE,MSE,R2,testing_model_seconds,train_global_model_seconds,local_training_seconds
14.6,4.67,138.69,1.03,0.0,0.0,0.0,5.87,18.42,36.66
2.4,0.0,0.0,0.0,1120.679631102298,0.5118316726405975,-3.0488285736477287,0.0,4.69,29.62
2.77,0.0,0.0,0.0,14079.719254608695,0.6659323825361319,-57.48852047630239,0.0,1.4,30.98
0.43,0.0,0.0,0.0,2087.2814564870223,0.5088777999434635,-2.9535103636276485,0.0,1.11,20.65
0.44,0.0,0.0,0.0,8359.700092105244,0.6737125156342524,-57.99996615059453,0.0,1.08,29.64
3.33,0.0,0.0,0.0,803.9154424839722,0.5201486581276408,-3.1458109512665047,0.0,1.12,29.94
3.84,0.0,0.0,0.0,5354.431406993153,0.6804379859321941,-59.14658533620897,0.0,1.1,18.22
0.42,0.0,0.0,0.0,916.0414098677882,0.5244466956668463,-3.024773591207243,0.0,1.11,18.05
0.42,0.0,0.0,0.0,5607.655715237949,0.682045269766168,-59.62146154229127,0.0,1.09,20.64
