calculate_maxmin_seconds,clustering_time_seconds,elapsed_time_seconds,create_histogram_seconds,MAPE,MSE,R2,testing_model_seconds,train_global_model_seconds,local_training_seconds
5.16,4.88,58.23,1.2,0.0,0.0,0.0,1.36,3.75,23.88
1.0,0.0,0.0,0.0,1324.4962075755911,0.047539075937133274,-3.2537365669041813,0.0,1.07,18.78
0.43,0.0,0.0,0.0,332.5038305180888,0.07100198887665851,0.507112140310423,0.0,1.04,13.84
0.43,0.0,0.0,0.0,1455.2280128978778,0.026743319543461364,-1.4317626724400263,0.0,1.01,13.64
0.43,0.0,0.0,0.0,882.9168020712782,0.04746764166846143,-3.258529542675536,0.0,1.09,14.27
0.41,0.0,0.0,0.0,223.17019188176823,0.07790864432688974,0.5819841149525313,0.0,1.09,13.71
0.99,0.0,0.0,0.0,675.703715145033,0.04499597870214595,-3.0024771449479744,0.0,1.06,15.74
0.41,0.0,0.0,0.0,2064.853782600413,0.032606643558139074,-2.2020815166438097,0.0,1.04,18.49
0.43,0.0,0.0,0.0,301.07494297350917,0.07629217370383223,0.5299599685322749,0.0,1.0,13.56
