calculate_maxmin_seconds,clustering_time_seconds,elapsed_time_seconds,create_histogram_seconds,MAPE,MSE,R2,testing_model_seconds,train_global_model_seconds,local_training_seconds
8.06,7.75,135.84,12.21,0.0,0.0,0.0,14.19,7.88,34.03
0.43,0.0,0.0,0.0,2695.513594424292,0.1792749675437875,-16.166262392267384,0.0,2.11,26.41
0.39,0.0,0.0,0.0,2428.003145543399,0.17104594786722177,-15.603635535541788,0.0,2.13,25.68
0.44,0.0,0.0,0.0,524.5249696168669,0.1504072016548164,0.6098786760660501,0.0,2.87,21.61
0.45,0.0,0.0,0.0,2817.549498840666,0.1742355159441752,-14.49985131797246,0.0,1.15,23.88
0.52,0.0,0.0,0.0,2622.490720809688,0.17675294390530796,-15.837092323079617,0.0,1.1,18.89
0.42,0.0,0.0,0.0,2648.9111562041016,0.17488922816700828,-16.456184797622505,0.0,1.33,25.86
0.41,0.0,0.0,0.0,461.3697128819029,0.14986399745001894,0.6151663401091643,0.0,1.1,19.05
0.41,0.0,0.0,0.0,2060.898979423964,0.17330250516454287,-14.69330413947648,0.0,1.13,19.12
